/*
  NotEppol Database structure.
  This file creates all the entities necessary for the NotEppol Database
*/

CREATE DATABASE IF NOT EXISTS `noteppol`;

USE `noteppol`;

/*
  Delete all existing tables
*/

DROP TABLE IF EXISTS `ProductRatings`;
DROP TABLE IF EXISTS `SmartGardenData`;
DROP TABLE IF EXISTS `OwnedSmartGardens`;
DROP TABLE IF EXISTS `SmartGardens`;
DROP TABLE IF EXISTS `Seeds`;
DROP TABLE IF EXISTS `Seasons`;
DROP TABLE IF EXISTS `OrdersProducts`;
DROP TABLE IF EXISTS `Products`;
DROP TABLE IF EXISTS `Orders`;
DROP TABLE IF EXISTS `EmailValidations`;
DROP TABLE IF EXISTS `PasswordResets`;
DROP TABLE IF EXISTS `Users`;

CREATE TABLE `Users` (
  `id` INT NOT NULL AUTO_INCREMENT,
  `email` VARCHAR(255) NOT NULL UNIQUE,
  `password` VARCHAR(255) NOT NULL,
  `profilePicture` VARCHAR(255),
  `firstName` VARCHAR(255) NOT NULL,
  `lastName` VARCHAR(255) NOT NULL,
  `birthDate` DATE NOT NULL,
  `address` VARCHAR(100) NOT NULL,
  `city` VARCHAR(100) NOT NULL,
  `region` VARCHAR(6) NOT NULL,
  `country` VARCHAR(2) NOT NULL,
  `postalCode` VARCHAR(12) NOT NULL,
  `subscriptionEndDate` DATE,
  `validatedEmail` VARCHAR(1) NOT NULL,
  `rememberToken` VARCHAR(255),
  `createdAt` DATETIME DEFAULT CURRENT_TIMESTAMP NOT NULL,
  `updatedAt` DATETIME DEFAULT CURRENT_TIMESTAMP NOT NULL,
    
  CONSTRAINT `UsersPK` PRIMARY KEY (`id`)
);

CREATE TABLE `PasswordResets` (
  `userId` INT NOT NULL,
  `token` VARCHAR(36) NOT NULL,
  `createdAt` DATETIME DEFAULT CURRENT_TIMESTAMP NOT NULL,
    
  CONSTRAINT `PasswordResetsPK` PRIMARY KEY (`userId`, `createdAt`),
  CONSTRAINT `PasswordResetsFK` FOREIGN KEY (`userId`) REFERENCES `Users` (`id`) ON UPDATE CASCADE ON DELETE CASCADE
);

CREATE TABLE `EmailValidations` (
  `userId` INT NOT NULL,
  `token` VARCHAR(36) NOT NULL,
  `createdAt` DATETIME DEFAULT CURRENT_TIMESTAMP NOT NULL,
    
  CONSTRAINT `EmailValidationsPK` PRIMARY KEY (`userId`, `createdAt`),
  CONSTRAINT `EmailValidationsFK` FOREIGN KEY (`userId`) REFERENCES `Users` (`id`) ON UPDATE CASCADE ON DELETE CASCADE
);

CREATE TABLE `Orders` (
  `id` INT NOT NULL AUTO_INCREMENT,
  `userId` INT,
  `hash` VARCHAR(255) NOT NULL,
  `totalPrice` DECIMAL(6,2) NOT NULL,
  `paid` INT DEFAULT 1 NOT NULL,
  `completed` INT DEFAULT 1 NOT NULL,
  `createdAt` DATETIME DEFAULT CURRENT_TIMESTAMP NOT NULL,
  `updatedAt` DATETIME DEFAULT CURRENT_TIMESTAMP NOT NULL,
    
  CONSTRAINT `OrdersPK` PRIMARY KEY (`id`),
  CONSTRAINT `OrdersFK` FOREIGN KEY (`userId`) REFERENCES `Users` (`id`) ON UPDATE CASCADE ON DELETE SET NULL
);

CREATE TABLE `Products` (
  `id` INT NOT NULL AUTO_INCREMENT,
  `name` VARCHAR(255) NOT NULL,
  `description` VARCHAR(255) NOT NULL,
  `price` DECIMAL(6,2) NOT NULL,
  `image` VARCHAR(255),
  `stock` INT(3) NOT NULL,
  `type` VARCHAR(11) NOT NULL,
    
  CONSTRAINT `ProductsPK` PRIMARY KEY (`id`)
);

CREATE TABLE `OrdersProducts` (
  `orderId` INT NOT NULL,
  `productId` INT NOT NULL,
  `quantity` INT NOT NULL,
    
  CONSTRAINT `OrdersProductsPK` PRIMARY KEY (`orderId`,`productId`),
  CONSTRAINT `OrdersProductsFK1` FOREIGN KEY (`orderId`) REFERENCES `Orders` (`id`) ON UPDATE CASCADE ON DELETE CASCADE,
  CONSTRAINT `OrdersProductsFK2` FOREIGN KEY (`productId`) REFERENCES `Products` (`id`) ON UPDATE CASCADE ON DELETE CASCADE
);

CREATE TABLE `Seasons` (
  `season` VARCHAR(255) NOT NULL,
    
  CONSTRAINT `SeasonsPK` PRIMARY KEY (`season`)
);

CREATE TABLE `Seeds` (
  `productId` INT NOT NULL,
  `amountPackaged` INT(3) NOT NULL,
  `growTime` INT(3) NOT NULL,
  `season` VARCHAR(255) NOT NULL,
  
  CONSTRAINT `SeedsPK` PRIMARY KEY (`productId`),
  CONSTRAINT `SeedsFK1` FOREIGN KEY (`season`) REFERENCES `Seasons` (`season`) ON UPDATE CASCADE ON DELETE RESTRICT,
  CONSTRAINT `SeedsFK2` FOREIGN KEY (`productId`) REFERENCES `Products` (`id`) ON UPDATE CASCADE ON DELETE CASCADE
);

CREATE TABLE `SmartGardens` (
  `productId` INT NOT NULL,
  `height` INT NOT NULL,
  `length` INT NOT NULL,
  `width` INT NOT NULL,
  `lightRegulator` INT(1) NOT NULL,
  `oxygenVolume` INT(2) NOT NULL,
  `waterVolume` INT(2) NOT NULL,
  `nitrogenVolume` INT(2) NOT NULL,
  
  CONSTRAINT `SmartGardensPK` PRIMARY KEY (`productId`),
  CONSTRAINT `SmartGardensFK` FOREIGN KEY (`productId`) REFERENCES `Products` (`id`) ON UPDATE CASCADE ON DELETE CASCADE
);

CREATE TABLE `OwnedSmartGardens` (
  `id` INT NOT NULL AUTO_INCREMENT,
  `userId` INT NOT NULL,
  `productId` INT NOT NULL,
  `createdAt` DATETIME DEFAULT CURRENT_TIMESTAMP NOT NULL,
  
  CONSTRAINT `OwnedSmartGardensPK` PRIMARY KEY (`id`),
  CONSTRAINT `OwnedSmartGardensFK1` FOREIGN KEY (`userId`) REFERENCES `Users` (`id`) ON UPDATE CASCADE ON DELETE CASCADE,
  CONSTRAINT `OwnedSmartGardensFK2` FOREIGN KEY (`productId`) REFERENCES `Products` (`id`) ON UPDATE CASCADE ON DELETE RESTRICT
);

CREATE TABLE `SmartGardenData` (
  `id` INT NOT NULL AUTO_INCREMENT,
  `smartGardenId` INT NOT NULL,
  `lightIntensity` INT(3) NOT NULL,
  `oxygenValue` INT(3) NOT NULL,
  `humidityValue` INT(3) NOT NULL,
  `nitrogenValue` INT(3) NOT NULL,
  `createdAt` DATETIME DEFAULT CURRENT_TIMESTAMP NOT NULL,
  
  CONSTRAINT `SmartGardenDataPK` PRIMARY KEY (`id`),
  CONSTRAINT `SmartGardenDataFK` FOREIGN KEY (`smartGardenId`) REFERENCES `OwnedSmartGardens` (`id`) ON UPDATE CASCADE ON DELETE CASCADE
);

CREATE TABLE `ProductRatings` (
  `id` INT NOT NULL AUTO_INCREMENT,
  `userId` INT NOT NULL,
  `productId` INT NOT NULL,
  `userRating` INT(1) NOT NULL,
  `userFeedback` VARCHAR(255) NOT NULL,
  `createdAt` DATETIME DEFAULT CURRENT_TIMESTAMP NOT NULL,
  
  CONSTRAINT `ProductRatingsPK` PRIMARY KEY (`id`),
  CONSTRAINT `ProductRatingsFK1` FOREIGN KEY (`userId`) REFERENCES `Users` (`id`) ON UPDATE CASCADE ON DELETE CASCADE,
  CONSTRAINT `ProductRatingsFK2` FOREIGN KEY (`productId`) REFERENCES `Products` (`id`) ON UPDATE CASCADE ON DELETE CASCADE
);

/*
  NotEppol Database filling.
  This file creates all the records necessary for the NotEppol Database
  Only for testing purposes
*/

USE `noteppol`;

/* USER TABLE DATA */
INSERT INTO `Users` VALUES ('1','rosendo.mclaughlin@example.com','2c75e2fea89bf063002eebca861b02db41b72acc','tuwh','Malika','Cole','1990-08-20','816 Carter Flats Suite 211','East Pietroshire','SouthD','tc','76672-2298','2012-06-12','1','jwdg','2001-12-09 08:18:23','1981-01-21 06:03:10'),
('2','rosalind24@example.com','ef254819696f23a487681b339fcc5c11387b40e6','ksxi','Jabari','Feil','2016-09-01','9045 Schulist Plain','Samirton','Iowa','wg','17840','1985-01-15','1','rbum','1992-01-01 17:13:08','2012-02-07 01:10:51'),
('3','kthiel@example.net','bf3bfa06acde1fa071f08671e04b2ddbb856f128','onix','Mireya','OConnell','1995-03-08','3096 Bergstrom Cove','Auroretown','Oklaho','hi','12432','1974-02-01','1','ltcv','1984-10-18 21:28:22','2018-01-17 22:03:57'),
('4','franz62@example.net','313234e76ed079627cfde17efef4a5aa6325d006','zcib','Mercedes','Lynch','1971-10-06','30260 Gusikowski Flats Suite 457','Kaylinburgh','Colora','pk','55476-5204','1971-03-30','1','pvnz','1984-03-24 15:51:29','2002-08-16 20:56:07'),
('5','barton.ryan@example.org','e6d71712c888bbc61b49f60f97fdb9494c84ae64','aigr','Rodrigo','Welch','2001-04-12','291 Cruickshank Views Apt. 375','South Imogeneburgh','Indian','zf','51945','1993-01-29','','fbha','1999-05-25 14:02:00','2008-01-30 21:07:02'),
('6','ziemann.trenton@example.org','b4bcef27c6a0f06c97232cb7258964a7340a341f','eaun','Domenick','Flatley','1972-08-22','453 White Knoll Suite 426','Malloryside','Wyomin','ot','52810','2013-07-21','','mirv','2002-04-16 15:09:57','2014-08-16 12:26:15'),
('7','faye80@example.net','f73be6d2d91b83f1a2a884fd4f16605b1c540655','ejro','Cale','Johnston','2010-12-23','595 Oswaldo Drive Suite 105','Port Furmanmouth','NorthD','ql','17927-4408','1975-12-31','','uuex','1984-12-17 10:10:22','1987-10-21 18:21:36'),
('8','windler.patsy@example.org','5d53b52689b23e89e8518f73d95e8f59b3879114','ehev','Nina','Hansen','1980-08-08','2690 Ruecker Trafficway','Lake Wilmer','RhodeI','vu','78728-0149','1973-06-05','','wvdf','1993-10-21 10:17:11','2011-04-14 00:16:35'),
('9','markus.olson@example.net','75d7333303306f81fd53491fe150a5bb05b3a98e','macq','Jerad','Boyle','1995-10-13','8055 Wyman Island Suite 896','East Bradfordfurt','Utah','uh','14850','2011-05-27','','evoo','2000-01-18 08:26:47','1992-07-21 05:47:52'),
('10','iliana.wintheiser@example.com','6a932b49f6919ff530c99b0e3362f662c3db29e4','ymms','Ottis','Mitchell','1976-09-16','1183 Cornell Throughway','Kerlukeshire','Louisi','bc','12344-1114','2004-02-15','','yvlf','1991-07-15 04:09:39','1976-05-15 12:20:27'),
('11','apowlowski@example.net','ad17f8375f1506b3ea8ba5d8e7432606a160a37a','udee','Darius','Lueilwitz','1995-09-08','142 McLaughlin Extension Apt. 506','Eichmannbury','Indian','au','28476','2012-12-14','1','girn','1989-09-23 03:57:26','1983-07-27 14:41:04'),
('12','hansen.daron@example.net','f0e4fdc41fe0124d3b88954ce859247ecec016b6','olgd','Mack','Murray','1973-03-18','34211 Ratke Plaza','South Michael','Georgi','mt','21535-9912','2007-11-17','','wdzv','2005-10-18 23:19:28','1987-01-09 20:24:43'),
('13','stehr.frederique@example.com','39120ba5bd337014be404aed5eefe4e480ad5821','kqzp','Baby','Fisher','1998-10-04','595 Ward Village','Noeliaton','Massac','fo','06128','2008-10-22','','suid','2013-03-13 07:17:32','1999-06-18 19:42:26'),
('14','ldonnelly@example.com','d12f98f7878744c9bf69d36cacc8d67b23e6ba88','arab','Brittany','Towne','1971-03-31','588 Mayer Centers Suite 462','Runteburgh','Vermon','by','66830','1981-11-27','','jpxr','2005-11-25 23:31:16','1997-03-05 22:40:52'),
('15','beatty.zelma@example.net','5eb55e3f1d63da298a546daeec426d29e236a663','muny','Ladarius','Hahn','1994-12-27','95710 Giovanny Port','Steuberside','Maryla','ds','33737','2011-09-16','','tkuv','1970-01-11 05:38:45','2012-01-29 04:32:43'),
('16','felicita.moen@example.com','46a85d0a73e62d063ad3c7445be39f9c11ef8ce8','irqc','Robbie','Zieme','1990-11-07','682 Berge Route','East Julietmouth','Califo','ae','69502','2002-10-19','1','kdjz','2009-04-04 22:09:39','2003-05-17 07:09:58'),
('17','nbalistreri@example.com','a078ddc902fc350e81522771b6a8261702e40c94','camk','Edwin','Bosco','1987-12-20','2505 Lavinia Landing','West Luramouth','Nebras','du','83061-9983','1983-10-01','1','kyfj','2005-04-02 19:11:34','2000-12-25 22:12:22'),
('18','fredy02@example.net','4724a2c8661708432c68dab2ee54698d4e7beff4','bkdu','Miller','Medhurst','1999-10-29','61143 Collins Hills Apt. 365','East Jayden','Virgin','db','40836','1970-05-10','1','szqd','1974-08-29 16:54:54','1991-03-07 11:58:31'),
('19','predovic.brian@example.org','ad5e3738476ec11f01a6f63e5e9402795defd341','hnsi','Thea','Dickinson','1987-11-25','238 Tromp Heights','North Emilyhaven','Tennes','ki','25285-2203','1994-12-16','','vdau','2010-12-15 13:10:07','1992-07-23 21:00:22'),
('20','borer.andre@example.org','1ec4b07613dc438e5cea659a05e629f819113553','wvwv','Whitney','Koch','1997-12-02','65842 Zoila Pike Suite 512','Marcville','Idaho','fy','89248-0849','1972-10-23','','pbtk','1990-11-04 04:46:58','1972-05-16 07:46:11'),
('21','zackery.lueilwitz@example.com','941dfdc146e0a04078bb768e22f590ab425c6aa4','uyzs','Myrtie','Goyette','1994-06-18','5922 Feil Skyway','North Hilbertland','Alaska','wx','63857','2015-06-15','','rjgh','1982-12-25 23:18:04','1977-07-28 13:39:40'),
('22','chris45@example.com','38eae766ad7f5a6c0780518d81ecf8e464534f5e','fnic','Fernando','Donnelly','2010-05-05','920 Finn Villages Apt. 503','South Edmundchester','Oklaho','fl','30438','2003-05-06','1','xpxd','1989-10-05 13:52:13','1970-08-18 10:41:59'),
('23','derick73@example.net','ce279e4a1ac6813361de962a44748ed73a09338f','pfyi','Princess','King','2008-03-02','999 Karlee Tunnel','South Jaden','Kentuc','pi','62201-0823','1993-07-14','1','znri','1995-02-24 21:41:12','1973-07-24 01:33:49'),
('24','brussel@example.net','87a67b00930bc776ce56f6824bc8bfd57e93bd38','zoae','Ruthie','Ledner','1993-09-25','56099 Wyman Bridge','Schowalterport','NewHam','um','31698-1358','2017-10-15','1','tmfm','2002-11-13 12:16:10','2015-01-11 10:53:31'),
('25','lera76@example.com','574dbf3f20a55454f397ae62587d5c9e956b8a64','yaia','Virginie','Beer','1981-04-19','490 Modesto Loaf Suite 154','New Kyla','Louisi','ri','61437','1988-10-10','','ghlt','1988-03-25 00:10:43','1982-02-14 04:46:11'),
('26','lavina.osinski@example.com','dcf5a4385bd3b43f3c4e08f08578507e4aa09fe7','ripx','Efrain','Langworth','1972-07-21','73176 Ulices Divide','Waelchifurt','Maryla','tx','31604','1970-11-13','1','xsxx','1997-07-22 12:25:28','2012-05-14 16:34:42'),
('27','lschulist@example.com','d44263912abea396c8b49fa62854300e3476a618','rddv','Eloy','Tromp','2001-01-21','0462 Branson Drive','New Aldaland','Tennes','ef','77304-7274','1985-01-31','','lpnm','2015-03-23 20:29:57','1991-01-18 00:07:29'),
('28','clark.heller@example.net','44a43ee693f6567fd61db0436943cb8e7bf049ff','uksu','Robert','Ledner','2013-09-03','00324 Barton Camp','Port Jackburgh','Washin','sa','67293-9662','1983-07-15','','cvxh','2010-09-04 00:58:19','2011-03-06 06:11:51'),
('29','price.schneider@example.net','c1f015fbfeb8bf28d42c283da4cbe7aa6f0f43ad','rzyf','Meggie','Morar','1991-11-20','66518 Samson Walk Apt. 315','Dayanabury','Idaho','sl','39867-1204','1991-11-27','1','qlid','2001-10-27 04:12:05','1972-01-03 11:00:30'),
('30','amina01@example.net','1be8b734e61b4ab21726125517942c740e1960d3','tfuc','Cristal','Lebsack','2018-08-18','085 Darrick Skyway','Rickiestad','Nevada','iw','46222-7737','2017-02-15','','hcxl','2013-01-05 00:55:26','2006-02-12 15:02:13'),
('31','graham.caterina@example.com','72283bd9d694bfb667d31e3f60ac074f2c9e15c9','kmem','Darrel','Howell','2005-11-26','1127 Stark Crest','New Tito','Minnes','zj','61023','1980-11-09','1','ivkm','1973-09-04 07:30:49','1992-12-20 22:26:37'),
('32','gillian25@example.net','02c6813725a273089818ae2d205c437e94e176a8','sfjp','Alexander','Stiedemann','1976-11-03','07122 Darrell Terrace Suite 363','West Valerie','Kentuc','mm','22441','2003-12-17','','lyhb','1990-04-29 06:58:59','1977-06-25 03:33:21'),
('33','bsanford@example.net','7a4f035c8d241a79cca1f2c7affd8bbf62c898d1','eagj','Emilia','Davis','1985-03-25','1555 Nolan Greens Apt. 378','Lake Mozelle','Massac','si','38786','2008-05-21','1','etpi','1976-06-14 05:33:03','1975-01-01 06:14:33'),
('34','oconnell.nat@example.org','a0ab5ffc1068d1c265924ac20482f99d206668e0','mejg','Orlando','OReilly','2000-01-09','9939 Wuckert Station','Raeganchester','Nevada','gu','11465-7860','1997-11-09','','ostd','2009-09-05 13:27:18','2018-09-13 16:38:52'),
('35','cfeil@example.com','6c5c4fc07dd49f985481ea510af0a987c669918c','dnmy','Mandy','Williamson','1970-08-05','85856 Goldner Manors Apt. 369','Wilfredobury','Tennes','sz','35609','1976-01-07','','zqca','2013-06-09 22:42:03','2007-05-31 12:54:18'),
('36','sydnee90@example.com','386ce516d8ec1c8a5b8def454353997d4d187bf3','fbpj','Jackeline','Kirlin','1989-07-07','5895 Ewald Radial','West Felicia','Louisi','pm','17427','1988-08-27','','yutw','2008-12-19 13:40:02','1975-09-05 05:18:18'),
('37','abdullah.okuneva@example.org','a3dae4ef77a88ac4eb62b32c3f0efe50e9256cbc','eomn','Rosa','Renner','1984-12-31','3938 Fisher Meadow Suite 477','Port Caesar','Indian','sb','32123-0130','2016-08-17','','onmp','2008-09-16 06:51:55','2000-12-01 12:42:31'),
('38','santiago88@example.net','6db749d655f6d65dbc15eb8f9ba5998732850438','mirz','Raymond','Leuschke','2010-01-16','009 Swaniawski Plaza','Amparoburgh','Colora','gh','16988-4410','1985-12-19','1','tmsm','1985-07-30 19:49:27','1978-01-24 17:35:41'),
('39','rice.kendall@example.net','22848218bc7e16c407f95ac0cd9ef0cfee8bc529','skkw','Kattie','Kiehn','2003-07-10','19928 Zackary Green Suite 809','South Jaeden','Oregon','ga','57896','1974-10-06','1','gwmk','1984-12-02 03:01:22','2005-03-24 05:29:23'),
('40','wfadel@example.net','9759f723ebc9b35e76627972fd9930766137f3bf','nmof','Angela','Rath','1995-06-14','208 Sydnie Shores','North Adele','Massac','ez','00870-0288','2009-07-14','','twnk','1972-08-10 05:41:18','1970-11-16 12:03:06'),
('41','zmann@example.net','bf55c54fb83b16d33cbbc290c4ae98c9907bc975','uzyf','Ford','Lindgren','1980-09-14','103 Myrtis Mountains','New Caitlyn','Indian','aq','55482-4558','2012-03-05','1','zvbd','1979-05-02 21:55:14','2004-05-25 18:16:23'),
('42','estrella54@example.net','1bbc3a3e5e1b5f9f6b23506362dbefd8a4283d9e','jezx','Hailey','Wehner','1981-09-20','4110 Schiller Parkways','Kulasland','Colora','gk','44647-4204','1979-09-24','','mzhu','1998-01-22 06:35:44','1971-11-16 15:48:09'),
('43','rbode@example.net','7aeaf45026e2b0ae053f75c96746b3dd4e874091','nlun','Wilfrid','Kunze','2014-01-29','37045 Ferry Lakes Suite 219','East Pearline','Wyomin','so','73787','2018-02-01','1','kchk','1988-04-07 15:52:24','2000-04-21 10:29:28'),
('44','leland77@example.net','a9d602078d88930fa8c8810caa12f71eedd20e91','yzpy','Minerva','Goodwin','1983-07-22','609 Lowe Plaza Apt. 416','West Allen','Tennes','un','82509','1988-01-14','1','zjzp','1978-06-23 12:21:49','1988-09-10 21:39:41'),
('45','doyle.jacobson@example.net','abdf153aa8fe812dcdf40edf61ad7af7f9a78c4a','yngi','Jacky','Smith','1999-09-29','204 Mann Bridge','Fatimachester','Maine','qj','40809-2925','1980-12-10','1','sayt','2016-07-17 05:10:07','2016-11-02 01:12:27'),
('46','nellie46@example.org','a2f4f302dfec1baa8283d6570356b1f307b717f1','dwxm','Zachariah','Quitzon','2009-02-24','36182 Albina Bypass','Lake Onieport','Kentuc','hv','07163-8140','2015-09-17','','wgfl','2018-07-27 21:33:35','1972-05-20 21:30:17'),
('47','medhurst.tiffany@example.com','191c7b382649519faef606b219703212af109d3e','sopx','Erling','Murphy','1992-06-07','34741 Daniela Causeway','Carrollburgh','NewHam','nn','02335-6883','2005-11-01','','ceon','2012-05-13 08:22:46','1973-12-18 16:58:48'),
('48','lucious13@example.org','54b098a8bae3b41dcb4bb3db2a46fd4d75b85ff3','addy','Pink','Schaden','2005-06-13','3163 Wunsch Mission','North Kendrickstad','Nebras','zg','58983','1989-10-12','1','zkwe','2016-12-21 02:19:43','1979-12-18 14:50:26'),
('49','dickinson.robert@example.org','0f267f96ea0b4d6ef097aa1e41577cbc70934a40','holk','Jaden','Baumbach','1999-05-08','965 Crooks Walks Apt. 778','Karsonview','Washin','bb','47643-4063','2018-12-11','1','jsnt','1994-10-06 08:53:57','2003-05-21 05:26:06'),
('50','wkemmer@example.net','d2e16c24139c00ba55196e6f5f38d47631bfd03e','xtpd','Anabelle','Reynolds','1991-04-23','22278 Hauck Run','West Leopoldo','Nebras','gt','64712-8655','2015-04-09','1','sken','2015-03-30 02:20:08','2001-05-29 07:42:43'),
('51','ole.moen@example.org','08f36bbc5eb54548dd0f406afd29ae4a5b8178f3','itas','Verona','Baumbach','2011-05-26','906 Nils Way Apt. 530','Ellsworthbury','Wiscon','ly','46076-6702','1974-06-29','1','ubgg','2003-03-07 14:44:07','1984-03-07 12:27:55'),
('52','nikolaus.reginald@example.org','d8118d5297b14c584e94ad9fe7ee88f26f7a7aca','hgeh','Kayley','Torphy','1994-09-25','815 Huel Estate','Wadehaven','SouthC','ql','22618-7223','1971-09-15','1','rrrz','1989-04-07 02:41:08','1976-03-30 07:35:51'),
('53','weber.greg@example.com','94836d0f408c62179c99b16660d252a76603c7aa','nskl','Isobel','Hand','1993-06-06','92129 Rutherford Mount Apt. 316','Lake Otisberg','SouthD','dx','40493','1987-08-20','','rjww','1971-05-16 14:48:22','2017-04-16 14:05:33'),
('54','marielle49@example.net','8873850d5d6826eb409de5bb6c68f7006febb701','ufke','Amelie','Hegmann','1978-10-31','7606 Jones Mills','Port Agustinside','Oregon','en','84064','1996-10-22','','tuhv','1996-03-16 08:12:06','1982-08-15 08:38:56'),
('55','alexanne00@example.com','d0b5928e020be3d7e63bee37f7d8022739e28aea','uavl','Maryam','Schamberger','2010-06-26','6424 Kelly Isle','East Jaredland','WestVi','dl','68714-0243','1971-05-11','1','arld','1987-10-31 19:41:54','1977-07-24 23:41:17'),
('56','ellis79@example.net','eaed7a93e9bf59ab9d15200fb1c41b1c243c2746','ijef','Ford','Lakin','1993-04-07','23488 Beier Haven','Gottliebland','Iowa','db','17623','1984-01-09','1','dfli','2013-01-21 14:20:16','1970-08-26 04:50:12'),
('57','kohler.ransom@example.org','24b6d5e12e33cc876328b917860827591a789ac5','rxcm','Kristopher','Reynolds','1973-03-28','545 Boyer Islands','Renebury','Distri','bs','93551','2007-01-25','','bnlr','2012-09-23 21:35:15','1976-08-04 21:52:28'),
('58','ward.pearlie@example.com','eb5bc9ea5735fa440da1cceecd92dacc9d39325b','edtz','Stanton','Bergnaum','2001-07-23','6711 Zachery Oval Suite 646','Lake Rickie','Distri','fs','55945-9054','2016-05-15','1','lqun','1979-12-25 10:04:40','1986-09-30 01:27:24'),
('59','casey.brakus@example.org','08bacea60442e5e8d9c4f0d865586d50b71b1da7','jloa','Myah','Johns','2002-05-03','043 Waelchi Views','South Bo','Idaho','hq','62654-0024','1978-04-14','','srdu','2016-12-23 16:41:20','2001-05-03 01:38:40'),
('60','eichmann.kacie@example.org','e8f99b73e7bd854ae4528284a48923af9d464cf8','sqvx','Naomi','Herzog','1977-03-05','6004 Heather Pines','Port Clintonshire','Pennsy','qo','65570','1973-12-28','1','oaii','2005-01-23 20:41:45','2016-09-16 23:31:18'),
('61','kyla.stoltenberg@example.com','9674bff93817893c7a30a5b39b2542e514c16d95','skqk','Reina','Cummerata','2002-04-29','5856 Ben Club','New Winfield','Nevada','te','44565-6856','2009-04-20','','pbqs','1996-06-27 08:50:52','2007-06-21 21:24:01'),
('62','vincenza.mccullough@example.com','5ca73ae90f4035e0571fb00fb50aa70d8b2b1e58','cogi','Jamir','Hegmann','2001-11-07','14497 Glover Manor','Lake Emmittfurt','Nevada','jq','24535','1998-09-06','1','zlrh','2010-12-21 20:20:12','1976-02-08 10:34:13'),
('63','madaline.gottlieb@example.com','ddb35f46ec6794d44c9d39f5fca9022470353bf5','xkog','Gillian','Schulist','1991-11-25','163 Wintheiser Fort Apt. 409','Consueloville','Oregon','eo','13712','1982-07-19','','wvoa','2018-08-06 15:44:08','2000-06-23 22:20:14'),
('64','msipes@example.net','6d9fba10b7f2b0ae4d32b08a25a288cff3bcd0b7','uney','Ofelia','Dibbert','2015-06-12','1400 Lew Junctions Suite 588','Willyshire','Connec','fx','01713-4420','2010-01-03','1','fkyx','1985-10-12 19:14:59','1981-11-03 07:27:34'),
('65','wolf.harvey@example.net','9686d280fd0bb381b8a0ee6287dea5a6990d96d7','qcfn','Rusty','Kuhlman','1991-06-20','2134 Tiara Club','Malikaview','Kansas','kd','29939-8834','2002-12-03','','hnlc','1992-11-02 18:52:23','2018-11-02 17:23:28'),
('66','monahan.jaclyn@example.net','9a72f13f1f53352997db34825a61c90b9cfeca4b','eays','Lambert','Lemke','1995-08-01','761 Florencio Locks','Pacochaton','Vermon','xn','13619-2772','1992-07-17','1','negz','1975-03-15 03:27:12','1982-01-15 03:34:30'),
('67','ybeatty@example.com','ef187de9a6d5b7122a90076c9c220ca93ddd4b93','tkzp','Dawn','Romaguera','1973-03-27','98242 Hand Lights','New Stephanside','NewYor','uk','51060-2251','1980-07-27','','zsac','2005-08-17 21:12:03','1979-12-17 18:03:01'),
('68','alexandra.streich@example.com','f16aefb6f7c3d309dab39be2c473e2267a49b8e4','igdv','Logan','Wisoky','1999-12-17','8230 Timothy Valley Apt. 960','South Don','Ohio','ra','57049-3630','1983-05-09','','juvc','1987-06-05 10:10:02','1984-12-08 19:09:14'),
('69','fritz27@example.com','7e50b0c03016bf76d32d11386802062ef1cec785','rlje','Van','Olson','2002-11-29','26484 Otilia Skyway','Monahanhaven','NorthC','ki','93049-3373','2001-05-30','1','dtrj','1973-07-02 21:49:47','1975-01-11 18:36:46'),
('70','wiegand.kelsie@example.net','ed04d679de2c0f71feba58321da568b5f91590ba','ziup','Lafayette','Luettgen','2016-11-30','65600 Terry Fort','Irwinmouth','Missou','tf','16540-4494','1981-05-26','','nlgj','2003-01-21 16:06:37','1972-08-09 02:11:09'),
('71','sarina12@example.net','a0aee2547aea1edd9c3da279c0a0361774818817','ywlj','Loyal','Stokes','1975-03-17','47009 Shanie Plains Apt. 555','Metzberg','NewHam','fg','52532','1977-05-14','1','weyt','2013-06-20 20:06:01','2009-11-21 13:13:34'),
('72','kutch.deja@example.com','78a376c0d217320e3ea90d89a242376ad4989059','orby','Cora','Lockman','1981-02-25','51427 Rempel Trail Apt. 346','West Jasper','Georgi','zv','17625-6463','1982-08-10','1','dmkd','2014-01-22 13:15:32','1988-02-22 22:43:08'),
('73','eledner@example.net','aa4466ba466ce928a5065a72146caa912d333743','arbv','Conrad','Klocko','2015-04-20','6565 Predovic Loop Suite 879','Wuckertville','Montan','il','03303-7584','1990-08-16','','wyya','2006-10-31 11:37:57','2013-01-29 07:14:07'),
('74','braxton94@example.net','dcec7bf3db3936fb4e9356ff3845b4748a500c14','ybnw','Emmett','Borer','2007-11-21','30714 Jones Mall','New Manuel','Kentuc','ng','66517-0204','1985-04-28','','cnod','2013-02-05 01:13:19','1973-10-04 20:48:54'),
('75','casandra.walsh@example.com','f74c02f50360c330c6f66f4817c6cbb3f19dd0f1','femm','Gerry','Hoeger','1992-08-24','64640 Janae Isle','Port Jadynburgh','Vermon','gu','23631-6017','1971-04-13','1','yzeo','1978-08-04 13:28:56','1971-03-15 20:11:43'),
('76','bettie.torphy@example.net','c451e434999a22ccabf95559b8ac5da3fb9ea149','rqmd','Hilton','Cummings','1986-02-23','3028 Claude Lodge','Boehmport','NewMex','og','50875-3392','2003-07-21','1','dcly','2010-06-30 08:45:13','2016-08-18 15:58:29'),
('77','xcrooks@example.com','44887725efb1983e8772d864058a9ab619c5e5c3','sekl','Ron','Stehr','2006-09-12','194 Gayle Square Apt. 364','Victoriaville','Maryla','fu','32180','1995-10-15','','bvbq','1998-07-30 07:55:36','2005-06-18 07:43:41'),
('78','citlalli13@example.net','a019541f6c12eb5cb2217170e3b41751a0130eb9','tmni','Dejon','Gerhold','1980-04-03','91757 Ferry Fields','New Kailey','WestVi','hh','42222','2010-06-16','','gvgi','2009-07-16 13:04:27','1976-08-29 05:16:52'),
('79','morgan.bechtelar@example.com','d752a83835fca50767dcd78942e13352fa8b7e92','smae','Jettie','OHara','2007-07-04','80196 Osinski Glens','Lake Thelma','Pennsy','jb','73569-0104','1980-10-07','1','tzhu','2000-04-18 21:42:19','1981-09-06 01:14:58'),
('80','tratke@example.org','d78dec96b2671cce0b2c88ce57be2b00e88af7ea','zwnh','Domenic','Block','1979-01-07','8195 Fritsch Roads Apt. 437','Shannonland','Arkans','we','33786','2014-10-09','','zfmo','2002-06-14 09:58:13','1996-02-08 13:20:28'),
('81','hagenes.kenton@example.net','e738096ffd8cdfb7c0c225368e8a5fb30d67947b','iptl','Jeanette','Conroy','1992-09-07','5963 Hilma Oval','Reynoldsberg','Nevada','nx','20618','2010-09-24','','yinq','1988-08-08 05:28:25','1996-04-12 03:38:21'),
('82','qjerde@example.org','5c9aaef9b3999ef3d5029205ed5df7cd1b8b25fe','njla','Zackary','Hartmann','2007-01-27','353 DuBuque Isle','East Josephine','Washin','tp','33137-9739','1971-08-18','1','vqeq','1977-06-01 19:51:55','1995-07-07 19:40:28'),
('83','hortense40@example.net','47b6ba0389611da8e9bc480c8fa4ae08700a9d89','qhhv','Clementine','Braun','1994-03-20','036 Kuhic Trace Suite 552','Lindtown','Louisi','br','44731-9330','1996-08-14','','odzj','1989-06-09 06:10:40','2004-08-25 21:34:30'),
('84','kyra.schowalter@example.com','a256751bd7e43060e98688c81ad4a67e782a765b','tbzs','Erin','Cronin','1998-07-20','461 Ernser Terrace','South Gwenborough','Alaska','dm','55588','1995-06-16','','lutd','1975-05-21 18:20:52','2017-10-10 17:11:27'),
('85','qmitchell@example.org','f724287da13bda75c26030e013eeda91c89d1136','bbef','Justen','Roberts','1979-02-11','05788 Bernhard Tunnel','Westonshire','Louisi','iv','12666','2018-04-15','','tzlf','1979-08-30 11:49:54','1972-07-24 23:18:21'),
('86','grayce.collins@example.net','59347f9bace7583db56a810c24e818c8e7001e7b','alll','Gustave','Toy','1979-10-15','0672 Glenda Brook','West Alysachester','Arkans','zj','63318','1984-08-18','1','tjjd','2009-12-08 04:44:53','1995-12-03 23:18:01'),
('87','adrienne68@example.org','eebb910304f7ce911872d41ea75cba894ac8f035','whil','Edison','Cronin','2009-05-06','279 Ayla Keys','Port Lola','Nevada','ut','77605','1983-05-02','1','osyl','1972-06-30 23:25:58','1978-04-25 11:58:19'),
('88','bogan.viviane@example.com','2d75e37812a3188ecf1015a494627142f23980d6','ptwq','Mariano','Reinger','1974-09-05','5512 Violet Oval Suite 777','Zboncakton','Missis','bz','42409-8619','1989-10-20','1','iybg','1973-06-16 03:53:17','1979-01-11 21:53:05'),
('89','craig61@example.org','77f8e6d0a8a4b10987d359e6d896fa8293eefc1e','fuvw','Anibal','Nikolaus','1986-08-13','75122 Wunsch Trace Apt. 420','New Hannah','Arizon','di','04783','2012-05-17','','wuto','1989-10-04 09:01:32','2001-12-02 13:40:05'),
('90','mpowlowski@example.com','87c1a5125ffe4b0d5e8e38fa0059e6892706fcdf','tnyh','Lola','Marquardt','1983-07-29','20590 Kacie Trace Suite 750','Connerbury','RhodeI','cp','31754-1363','1984-07-26','1','bjod','1989-07-06 12:07:41','1983-12-03 03:58:23'),
('91','mcglynn.jensen@example.net','ae55b9ec97b74d2ef4faa5c3b0509eedc865758a','brgp','Assunta','Bosco','1983-05-23','669 Schaden Island Apt. 278','West Merlin','Virgin','yw','91856-3818','2016-09-05','','ksnz','1979-12-11 23:07:19','2003-08-24 12:54:58'),
('92','cayla02@example.com','31c2f78ef90535303acfb7f40d7ad1f3c7116d5e','rkyx','Burdette','Kris','1995-04-30','7644 Rhianna Curve','Borerport','Texas','xn','07828','2017-12-05','1','bijy','2016-04-07 17:06:01','2007-06-29 13:20:23'),
('93','beier.natalie@example.net','1a1d8e1e59be993ee8e55d5293a7913fe325dd56','aypf','Wilford','Lowe','2009-07-30','80428 Feeney Plain','Lake Lesliefurt','Arkans','dz','67425','1977-02-12','1','djvp','2013-09-24 07:59:06','2006-01-06 05:22:00'),
('94','hprosacco@example.com','3bde997d3f61a89b634b7d5326e29b3434658a0b','cbrb','Abbie','Herman','1999-12-19','438 Frida Knoll Apt. 048','Johnstonport','NorthC','nl','55217-5990','2014-12-01','1','omen','1981-02-15 09:11:00','1998-10-06 21:02:45'),
('95','chyna.streich@example.com','e94b992b16ab2ca8a9ca765725c72fe8e5f52d6d','hwrm','Ursula','Bernier','1985-07-07','5463 Douglas Plain Suite 897','West Maximillia','Arkans','px','17710-2586','1974-05-14','','lgkq','1992-01-23 02:43:05','1991-08-26 08:58:47'),
('96','maye.borer@example.org','ae5cbf189c0a0facf34bb79399582df8428c77e1','mups','Rose','Sawayn','1995-04-25','127 Blick Rapids Suite 348','Lake Jack','Louisi','rk','16286','1983-03-24','1','ewfk','1999-01-06 10:59:43','2013-08-31 21:27:30'),
('97','ojacobson@example.net','2663bb096da28fc18e1996c008fde4f1c531ae53','icdx','Margot','Purdy','1994-06-22','592 Gleason Spur','Lake Alicehaven','Indian','pv','04123-7303','2008-05-19','','ngzv','1994-08-31 02:21:57','2007-07-26 00:24:59'),
('98','bailey05@example.org','ccfbfbc062e571966b285f95926785e5990bd299','xumv','Carmelo','Upton','1985-01-08','579 Anderson Summit Suite 895','West Timmy','Califo','jh','83718-8645','2001-03-02','','oria','2018-01-28 12:14:49','1992-07-13 12:08:34'),
('99','jake.lemke@example.org','fa9bbd7bca6588b57e66a19d2210daf226657704','uixs','Connor','Bauch','2005-10-16','13704 OKon Port','Lake Alenastad','NewMex','yx','18630','1986-07-24','1','ycxh','2016-02-16 22:54:06','1996-04-15 00:32:59'),
('100','max.kuhic@example.net','19dad3abd49c44a83091751f10c6bf4e5841bd5d','rksu','Lori','Howe','1988-06-15','236 Heathcote Corners Suite 316','Schadenberg','Missou','sz','44387','2009-07-16','','ryba','1992-02-07 02:51:13','1984-04-27 12:21:42'); 

/* PASSWORDRESETS TABLE DATA */
INSERT INTO `PasswordResets` VALUES ('1','458c150b-3d86-3efb-9844-7cb682d74e8d','2018-09-17 18:29:30'),
('2','30a665de-6d0d-3dd6-8693-4eeb8cadd2ca','2013-11-09 15:20:23'),
('3','faa4a71f-5a38-33d2-be8e-22d59fac4e9d','1995-01-27 10:06:10'),
('4','6f8e3084-acbe-3d6f-a308-ef5a00611313','1976-05-19 02:25:09'),
('5','a9fe572a-3bca-3735-b320-6518e2286370','1994-07-26 09:39:59'),
('6','804b451f-0ee2-3974-a865-9ee8b5451fbc','1988-03-30 14:45:01'),
('7','bdfc2601-21f4-369e-9332-218505522a95','1970-11-01 15:18:21'),
('8','49762b6f-60f9-3cfd-b8a5-4efd6a9d2774','1990-03-09 07:02:09'),
('9','1db414d0-0341-3de4-a0a5-e3534a200b82','1988-09-05 12:29:48'),
('10','01676a40-2f85-3333-a570-0873a8278546','2011-06-08 14:24:42'),
('11','4733f975-a5fd-30b4-9f5d-8bdd90f03bad','1990-12-21 23:07:22'),
('12','13f6ff9e-6607-396b-866d-06758e7e0c5c','2006-08-09 07:02:26'),
('13','aab86174-80dd-3011-82b1-fd0a0169f792','2008-08-30 05:55:06'),
('14','7560b769-bbc9-359e-a611-0cd85ffdeac8','2016-10-17 20:17:51'),
('15','24d345ed-63af-3afb-987e-cb0bffc6765a','2007-12-05 06:57:23'),
('16','a39cde87-84d8-357f-956b-f715d0e45c2c','1990-04-01 20:44:45'),
('17','77837121-bdd9-31f4-9814-2d105684c5a2','2003-09-28 18:50:50'),
('18','06101481-5f88-330c-a840-fc1cd3ba3fdf','2012-10-19 07:28:41'),
('19','71b19381-7526-3571-81c9-ca1bcae830cd','2001-01-23 06:55:41'),
('20','b5c9f214-df8d-39e0-815e-ab22bcaac39e','2007-10-18 22:30:34'),
('21','682d1c39-1589-3e3b-9163-cd45a20a69b3','1982-06-16 06:00:17'),
('22','65d70ed5-7b6f-3bcd-9168-6e2efad27551','1998-05-25 04:22:07'),
('23','bab70d08-9b9f-34a4-9e2a-1c604b5722e1','2005-04-15 07:42:34'),
('24','f914b033-7a7b-3287-8c4a-bfac878b1368','1992-08-02 04:03:09'),
('25','5cd1dc2e-979e-348a-97b8-f995f0932222','1998-09-24 16:50:12'),
('26','14a5924d-5373-3eb0-bef7-be471db238ed','1994-09-18 13:53:07'),
('27','01f8bd91-a310-3f51-a69a-5daed42bbff3','1989-11-03 01:40:31'),
('28','3f2cc0fd-bfe0-3944-961e-3631c3a7eedf','2010-01-25 07:45:56'),
('29','4926bfc2-3924-39fd-ab79-ef3e06c0a61b','2001-05-19 05:33:50'),
('30','64f36189-49be-3808-b704-eeb200dfaf79','1997-11-29 20:40:45'),
('31','556f2935-e4cd-3f66-930c-b1ab69f2963b','2015-05-04 04:51:29'),
('32','d094676d-c126-37b7-85c4-d078f6bf7a9c','1987-09-03 08:40:10'),
('33','f2c7aa09-b0d1-3080-bf2d-2429eaba7072','2004-09-14 08:54:48'),
('34','53d0ed91-c0dd-39a2-8a8e-fed9eb815901','1987-12-03 12:48:18'),
('35','d4a18f37-1188-31ff-8b90-350b36c4b0f9','1970-10-10 05:48:01'),
('36','b5fc7456-9556-3e49-9ce6-618159883da6','1992-07-18 02:56:45'),
('37','160ed5d6-93d4-31c2-a3f2-d449d2aa4952','2012-08-13 11:33:57'),
('38','6c2a8537-86b9-3594-9ac4-06af50048d08','1992-09-15 15:00:46'),
('39','7df2a2ef-649c-309a-8733-0b9e8d911383','1988-09-10 01:11:12'),
('40','bdd70674-d7ae-3f0d-a719-07fa9b0a42cf','1991-12-04 02:45:55'),
('41','7ac9084c-2742-37b1-ae62-d16dab1d5330','2002-01-08 12:50:11'),
('42','48818299-8a59-33e0-ae11-fbd12d49d8bf','2011-02-10 22:05:36'),
('43','866de894-c08f-3509-8074-6ddd3a3de82a','2002-11-11 17:23:44'),
('44','b95380b4-fcf1-363c-a327-685eb60d1ead','1975-03-07 15:22:53'),
('45','603ee7e0-4f81-3d81-9dc1-80cf695e2cef','1986-05-29 05:40:50'),
('46','a8d15a4e-b67a-3184-ad44-49fc1553f826','1986-02-25 16:49:42'),
('47','5f2e5cc9-293e-30be-94b7-370c973345e4','2010-01-19 00:50:56'),
('48','ab4a38be-6381-3639-931a-cd6789f0d0dc','2015-01-31 22:56:59'),
('49','46f30d29-040e-3153-8a8a-b6c6f90884d8','1989-08-15 06:52:31'),
('50','cd6d9ad9-96e3-3566-a451-774148eb026a','1971-04-12 00:39:25'),
('51','b845c122-ce36-31df-b68d-5b0163f0109e','1978-07-19 20:53:25'),
('52','12126454-bd00-37ad-b145-df2b7c76bc71','2013-04-01 00:06:54'),
('53','5f40a039-b7db-342c-8bb7-39189b7a6f9f','2010-08-30 12:05:48'),
('54','73d64e18-3470-3342-b4a3-11f6d281bad4','2014-11-08 08:33:24'),
('55','1bf26ec3-9da4-30a2-894c-1b7bd1ee41fa','2016-12-30 00:35:35'),
('56','0f55c960-c133-3d8a-b799-16b2c9c643c6','1985-04-22 05:16:30'),
('57','2e87706f-0b33-36b1-bf7a-9147b516ad76','1989-02-09 13:42:45'),
('58','4998dd09-82b4-3818-b40e-71c9e5767a38','1995-10-09 12:28:43'),
('59','2fd0a774-12f3-367b-91ed-005f7929c796','1978-03-16 14:29:06'),
('60','4f2a1bca-9e96-32e7-910d-55f46dd82a76','2018-03-20 20:03:38'),
('61','9bd91b51-6dbb-37df-9641-b7cb3916643a','2014-02-28 21:18:13'),
('62','3c85e171-6beb-3a31-9e37-c71c8b905fbf','2010-08-09 00:24:34'),
('63','0f34dc3a-d717-3bad-8048-6ad5a5904ba0','2000-06-21 00:30:10'),
('64','6b11166c-a082-33de-8fb8-8ed77a3fe056','1999-06-15 23:30:14'),
('65','bf877829-9e82-3b2d-8552-bd545256f1de','1989-03-11 03:37:07'),
('66','74c46a5c-5c30-337b-908b-783ad5e09555','1972-03-22 01:11:38'),
('67','82cd1acf-84cc-3b93-a5e1-f37537a3bbee','1984-09-30 20:15:19'),
('68','5cefccf5-90ba-3d71-965f-bdbaa965e137','2006-05-09 03:31:56'),
('69','11bc7d83-6fc5-3834-a128-8cc8a2695c0e','1991-05-01 09:06:45'),
('70','6d3c7c45-f37f-3d87-80be-eaef3fceaf0c','1970-06-10 12:50:58'),
('71','5b071c09-24a7-316b-9d68-9cd6b7c1cd8f','2012-09-21 03:47:57'),
('72','108dcddb-c997-39b2-b60f-9d3e88bb628b','2018-02-25 13:49:53'),
('73','16a5d8cd-447c-396a-85d2-d69d110998b6','2014-05-15 15:44:05'),
('74','496c6b75-ed67-3663-89c1-35747cb8ad65','1994-03-17 22:29:32'),
('75','65c898f4-b159-30ad-b784-da20392c306c','2015-06-29 01:32:03'),
('76','4e5a7f43-fe30-3d72-b6e9-4dfc23a1d7fc','2010-06-22 15:54:30'),
('77','3487d6e8-6a44-3836-9821-0138bf85c73f','2016-06-08 02:20:09'),
('78','f48fd3cd-54df-3f67-8b61-64607b9d8cd4','1994-03-03 03:24:28'),
('79','53df1d92-039d-3091-95fa-b5b29eedf854','2012-03-31 08:03:24'),
('80','d6e79b2b-20fd-3d33-bef2-c1447beecd26','1981-08-15 18:54:38'),
('81','3cc92b26-13fb-313e-bccb-21ed5ad5830a','2009-03-29 13:23:48'),
('82','50b70413-cb9b-389a-a1d3-2d3c86d9b9d8','1989-07-09 18:26:45'),
('83','4fe7ed11-bba2-33f6-8dfe-dcea2332702c','2008-07-07 07:14:21'),
('84','4ed43eab-0a9e-30fa-8e6a-5499c32afad8','2008-10-09 15:09:00'),
('85','3b4dea11-4c2c-3cc5-9da8-6aee003277b3','2002-06-02 03:01:08'),
('86','68560734-4238-3e2c-8335-4d31e5b243e9','1985-02-12 22:33:00'),
('87','8ac99b4d-fb8f-30b2-8432-78510b35ff90','2009-11-04 11:08:17'),
('88','e214a047-aba3-3970-ae08-4ad0120f02d5','2010-08-13 23:31:51'),
('89','35159922-fb71-3f76-abcf-e3f57f036c87','1993-08-24 14:46:17'),
('90','46aae759-4204-3035-825a-f022245be308','2009-02-26 10:54:46'),
('91','9d24921c-e8f8-3a7c-921d-de26861d7438','1997-11-02 22:04:58'),
('92','5b48d143-2ebe-3797-b522-d3946d9fc1bf','2000-06-03 07:26:17'),
('93','f675a341-5d62-3ec3-b820-0e4e5267e871','1999-10-09 06:39:52'),
('94','41860955-6013-3e5a-9e8b-fbde745790da','2010-12-30 17:03:53'),
('95','2228359d-abfb-327b-8bba-91f1bc5bd80c','1999-04-03 11:54:57'),
('96','a81d9f40-dfed-3d28-8353-26ad9683f6c7','1982-03-01 17:29:14'),
('97','359324cd-da52-3df4-98f1-a7941b147c8c','2007-06-27 13:37:09'),
('98','0e980d9e-84da-35cc-9c01-4d42c98ddec8','1976-02-28 02:24:14'),
('99','998c8820-7afd-346d-b54f-2e77c3b2b2ef','1998-07-13 11:44:15'),
('100','6ecb94a0-31fc-3e9c-b036-43bc20081790','1973-11-22 08:00:06'); 

/* EMAILVALIDATIONS TABLE DATA */
INSERT INTO `EmailValidations` VALUES ('1','df81f5a5-1010-3e36-87e7-ed4b06ecd9db','1982-01-11 13:11:29'),
('2','68f35a77-add9-3a20-94f1-3f2f35637225','2011-04-09 14:59:48'),
('3','763deee7-35c5-3dd3-ab18-4a0f578d55a9','2003-10-08 05:08:12'),
('4','76bb2bf4-423b-3453-8d7a-ec6667cfbcce','1973-04-14 22:31:03'),
('5','cc97fdf6-8733-3f9e-afc3-0ec5530987be','1978-05-17 20:01:13'),
('6','9c3bce09-0e63-3ff0-b6a8-69297bfabb66','1993-12-20 13:18:58'),
('7','50b08bea-ab8b-3a03-9d2d-5e682bbad449','1975-10-09 22:35:22'),
('8','942a622b-9c82-3e27-81a3-0a25684b1e0b','1992-03-12 21:32:29'),
('9','acb63fa9-3478-3b61-9cb2-afcc6c8e7739','1988-04-05 18:50:49'),
('10','2b15c55e-c354-31cb-9172-8e87be375285','1979-08-26 09:57:46'),
('11','8fe40856-9935-399c-a1fe-d6896e21e174','2001-01-20 05:50:55'),
('12','a64eb2b3-6358-3657-9661-0752b97bca60','1970-12-15 09:41:27'),
('13','c6147c58-7351-344c-b506-84f19230b19b','2010-10-26 14:06:10'),
('14','7455c9b4-fe62-3f7c-a6c6-40a62f2cef61','2005-04-14 15:45:02'),
('15','a2660541-159d-3aad-ba34-3d1cd410b296','1999-09-05 08:32:53'),
('16','173c8c3b-9292-3c51-9d5e-7ac517fb3a96','1979-05-02 03:55:22'),
('17','1932a725-78e0-3bf8-ac48-a81f207a8f5f','2000-02-04 06:01:20'),
('18','8f42f9c5-57cd-3f9c-9ed5-92b48538cfc9','1984-05-15 05:27:01'),
('19','98fad022-f7c9-34b7-a38a-0d2708783af9','1981-12-27 15:17:39'),
('20','c1eba61e-1855-3995-8951-84239fb57c8f','1992-12-09 12:09:02'),
('21','b9180525-c84b-38d9-b53c-c1ff945b1b2a','2015-08-11 14:13:00'),
('22','25511368-f9dc-3e99-b31e-4e5add4decde','1979-09-09 12:28:00'),
('23','5416a065-5015-38f2-a78f-2d80b38bb76b','1995-05-08 13:57:44'),
('24','5f0c12bf-cfc5-3511-af15-beb87b8bb348','2018-11-20 13:11:26'),
('25','4ad6451b-af2f-3438-adf2-1fead31c0c42','1975-06-09 05:20:39'),
('26','554462ed-2d4a-39a9-b539-b389c7921e2f','2001-12-10 12:37:56'),
('27','4744a488-0e2b-3ab4-ae2c-45c251105cc3','2018-11-19 23:35:32'),
('28','4140cbd0-ed22-30ed-b7ab-e8d49df0a29b','1995-12-14 18:14:38'),
('29','32127587-5e4e-3aa8-b43b-a57130b9fa75','2005-11-10 23:47:59'),
('30','8b502824-554b-3829-9110-62a08c440c42','2011-06-15 23:07:20'),
('31','f06b93d9-0285-38d7-9616-be34af35649e','1979-05-12 10:18:15'),
('32','ac3e4926-1f67-39b5-9435-8f293c5c9246','1974-09-29 16:14:19'),
('33','12255f73-bcf9-302c-9885-d41fc1a1a4f3','1992-03-06 14:54:20'),
('34','9e071b88-844b-314d-a635-fd2764e06b66','2017-08-19 02:25:45'),
('35','ab3ac7f2-a2a3-399b-af40-0e0a62005c7e','1989-12-13 08:04:37'),
('36','b88c237a-66ed-313b-9c37-103a9e7f8d94','1996-07-06 12:29:06'),
('37','72beb3cc-2742-382b-a4f9-40ee75900509','2006-04-19 03:13:47'),
('38','cf79443f-7884-33a9-9d03-0039f3926419','1973-04-22 07:10:28'),
('39','63cb5080-6c3b-3260-8e48-a4e8e1defb0e','1973-02-14 20:50:11'),
('40','08a5d32a-7ef9-3f13-9de8-2c28244f187d','1982-05-30 07:21:39'),
('41','5029e774-6886-3c0c-9b48-62a12e333c87','1985-06-12 07:26:35'),
('42','db1cceb9-8853-3cd8-9852-30ff99a74d01','2001-08-27 19:44:08'),
('43','45bf835f-d3c4-377f-b7e9-6b19df1981fc','2010-06-02 14:15:54'),
('44','dcf72819-ca5e-3d68-a5a4-1b4394b022a0','1978-11-27 17:20:56'),
('45','1d6c9478-a33b-3c66-91f9-f191de802b3a','1997-08-14 22:14:05'),
('46','a47f9de7-d58c-36f6-9ee9-844d91adec4f','2014-02-22 03:26:41'),
('47','e8569b6e-d81d-3e5a-923c-aa79f192f2e0','1991-04-20 10:13:08'),
('48','c84bb4aa-0df9-368d-bfae-9936f98c6006','2010-07-01 12:12:59'),
('49','18249233-0e82-303e-8c39-e44c6326577c','1980-09-19 15:54:35'),
('50','1cdb1087-c0d5-3e3d-99c4-d31e6dfe7aa5','2002-12-14 22:24:41'),
('51','e1fbd8ee-0460-3ae8-b91b-784af63e94a0','2002-03-19 06:15:48'),
('52','c8919524-30f5-3cb4-87b7-6686cf3d384d','2013-06-24 14:04:06'),
('53','89fe1b1f-6688-324a-a50f-31da1d7cba81','1979-09-14 23:15:33'),
('54','d0006a0d-3afa-373b-b6fd-77994c4c547d','1988-05-13 10:35:08'),
('55','70cf316e-de1d-388f-8de8-80e047cbf4b2','1976-03-19 18:41:05'),
('56','bbda7084-b43e-36b4-965c-b6ffa45d75e3','1989-03-07 20:26:11'),
('57','303a9d62-332e-3066-b6d4-9a34b386f3c8','1982-04-15 07:29:48'),
('58','6052c2f6-bf18-358e-b254-6f39176a1e64','1970-05-03 02:20:52'),
('59','6240ebbd-fa17-3bcd-9a0c-32038a304b16','2001-09-25 17:51:55'),
('60','233593d3-f8d8-3210-a13f-03d275a13109','1972-09-04 12:24:19'),
('61','d8a38312-41da-3a60-b939-e0d38954e4c4','2018-02-28 00:51:49'),
('62','a3d5cf33-f927-38e3-8d06-9b31baf453b3','1990-12-18 09:25:42'),
('63','d89d08f1-8e2c-32a0-83ee-7b16172fe9db','1986-03-09 09:36:13'),
('64','2eb7e14d-df95-3bfc-a4cc-79522d4d96c0','1992-12-09 01:12:24'),
('65','faded5f9-3fa6-3f46-8aff-89c8d6d20efe','1970-07-07 11:19:25'),
('66','45fb1199-2070-3c3c-9448-94ab5b7d4deb','1975-07-27 15:08:32'),
('67','ad26e32f-1957-3a63-aa37-2bdf6ffe1b7e','2001-09-13 01:43:11'),
('68','a95b827a-db64-35b0-829e-31f1a0e09730','2011-06-16 04:33:37'),
('69','97d3279a-ee6d-3415-a2b9-66e68e130e74','2002-07-13 19:05:26'),
('70','5ea477d7-8854-3c33-a500-eba3b59dacf4','2012-03-21 08:16:56'),
('71','21902f29-6a04-328e-844f-c6f406a18e64','2008-03-29 04:13:41'),
('72','6f5c66c0-f929-387f-84b3-66367c1c5ba8','2000-06-01 20:55:42'),
('73','348da2bb-6369-3cc0-a2cb-d5cdd03f83cb','1985-01-06 00:38:46'),
('74','61f6f2b9-d980-3bc1-88e0-a03f793bb7c4','1972-11-22 15:27:25'),
('75','85fc9cc4-479e-394f-92bf-2f6604f4b635','1972-01-01 13:54:30'),
('76','3a544f84-0222-3eaf-9132-536b17aa6a02','1977-09-19 14:27:29'),
('77','757c59d2-0317-37cd-8380-6cd10cd7ca3e','2005-09-02 19:49:04'),
('78','666920f7-90a5-3856-b501-3e373635dd8f','1996-12-04 14:25:16'),
('79','c7e270e9-a718-32ce-9b6e-f7f01080d929','2015-04-05 19:17:33'),
('80','0917ed51-3e59-34b2-a2a0-73cf3509aada','2014-04-06 13:20:42'),
('81','e3f81d26-4d81-3d67-b8fb-5f1e8fdfdb21','1994-02-27 05:59:23'),
('82','8af77073-2316-3cce-ac91-bcb64ee70c09','1978-07-21 00:01:40'),
('83','ba495619-b55b-3f85-9e0f-9b3d2c475d4c','1984-04-30 08:08:09'),
('84','9fdd4a4b-1d8b-39b3-86ec-e01b52d6eee5','1979-09-06 23:58:45'),
('85','8b901752-ac81-3d14-8a12-ffbcf850aad9','1979-10-22 05:50:26'),
('86','df7bef1e-87ff-3204-8c28-fc0562535b37','1987-05-18 09:04:59'),
('87','0e129fce-093e-369d-aab8-73eb6609bee3','1974-09-03 23:42:02'),
('88','0dcb8207-1f7b-3d32-98d4-0d0b57724db8','2013-08-27 06:11:13'),
('89','c601895d-055c-3197-a70b-15a0645e9244','1990-06-18 20:14:55'),
('90','3c5b71af-98a7-3bba-9dae-0d33ca44cc81','1972-02-20 02:20:20'),
('91','5c7fb663-20b0-3f27-894d-5a9f1508e64f','2007-02-09 20:37:16'),
('92','8b684736-40b3-3458-8a58-38d2f40dcaa0','1974-07-16 10:17:04'),
('93','2b1efa05-f057-31fc-a425-25e364617300','1970-06-21 15:35:48'),
('94','c7a3a8ee-abaf-348e-9211-1279a31545ad','1973-04-06 04:35:06'),
('95','217fb218-2875-3850-9472-2faa22215da4','2002-06-21 11:01:09'),
('96','3bfe0c00-15d5-3c66-a4be-b72ca1b62c71','1987-03-19 17:38:45'),
('97','0c25400a-6770-34d4-9684-7cbfa1083d75','1990-02-03 07:28:26'),
('98','8129dbdf-edc5-36b5-bba8-ee193029745d','2009-03-01 07:23:24'),
('99','959b708b-689f-3495-bd43-b8dbe16fbabe','1993-10-13 11:25:47'),
('100','8934974e-3b6c-3a58-b0ee-050be0ba992c','1997-02-08 06:23:42'); 

/* ORDERS TABLE DATA */
INSERT INTO `Orders` VALUES ('1','1','926ef0cae7046044d5e29428523dcdb042bf1f16','312.46','1','0','1992-05-12 16:14:24','1981-05-17 16:32:37'),
('2','2','a33d88ca5ec7eccc241acec584711d1a6c74027f','384.98','0','0','1982-09-17 20:30:13','1973-06-04 17:26:29'),
('3','3','bf0fb0c0e88bce7d35acaf0afb79dd14ac39fcb0','454.88','1','1','2000-09-12 16:37:46','2016-10-07 13:34:36'),
('4','4','7edf8147e3f50ee30f29a599c841a4753aa3b963','382.21','1','1','2009-09-20 18:45:11','2000-10-20 10:34:29'),
('5','5','cfe3d92e18cda0e036066b653f81a0c6f79b1bec','81.48','0','1','2004-03-15 09:30:44','2010-07-05 16:21:47'),
('6','6','51acc7bbcb49504cb33c865e130897d3ae0ba2f3','108.77','1','1','1971-02-13 11:32:52','1970-01-08 22:39:30'),
('7','7','c05165a211faf08c8a1597653e083fb44039d3e1','193.50','0','0','1987-08-14 20:54:29','2011-02-01 13:40:03'),
('8','8','79fd997cf738d43f10960b69221b7f73d5ec605c','32.86','0','0','2004-02-21 20:50:35','1990-12-13 11:49:59'),
('9','9','6d4e7dbec105bbbc4157190166459a7e5be0ec7e','289.55','0','0','1999-06-24 22:54:40','2009-04-13 04:22:56'),
('10','10','bbde8c688cce236e52a2f32290e9ac703d2187a5','149.67','1','1','1974-05-07 02:56:37','1987-08-09 05:20:22'),
('11','11','f2b96e59bc209afddb4e69924af5051502afaf6b','85.15','1','0','1979-02-06 15:11:23','1989-08-26 14:14:16'),
('12','12','9793bdf1e5304b1781a0ab57b6a997e694af5e35','227.19','1','0','1976-10-24 22:45:47','2008-12-05 01:46:26'),
('13','13','766223a2b5423003fefbe56fd473fc16ba4b1b19','343.47','0','0','1991-04-17 01:33:13','1983-03-24 02:54:00'),
('14','14','6aaf33c0486b40f283a9ed145b3bb73a6de2fee4','452.83','0','0','1994-02-15 11:53:29','2004-07-26 00:23:41'),
('15','15','0dad1bfba8f4465dfedb7f824418fd0b4fd2b1ff','12.19','0','0','1991-03-28 14:13:48','1985-09-03 14:16:07'),
('16','16','bf0465221824a6695328e77c997c15d4118fa3a2','324.18','1','0','2014-06-15 07:45:45','1976-04-24 02:31:28'),
('17','17','711919bb7b532a9e15424d87627e9fe1d76bb66f','42.08','0','0','2009-07-02 15:00:38','1999-10-04 04:50:49'),
('18','18','777e35f8e1bb51a4e830c4e9de2be3efda749b29','112.66','0','1','2009-04-07 14:05:04','1989-05-04 22:14:58'),
('19','19','f7ebcdeb681d202dcca97ae7e2a4fe88bfe0391a','3.78','0','1','1987-07-14 04:20:10','2017-02-27 01:28:59'),
('20','20','917c56b788a1363fcc4d4f6a2c80d6fd84947a5a','497.67','1','1','2008-12-03 14:31:32','2008-10-14 15:10:54'),
('21','21','7125460123983fbfdd6ae2b6ba65bc14e1404ff8','238.28','1','0','1975-05-07 23:24:55','1995-10-06 03:22:12'),
('22','22','a1ea2659a3539008e65ef0b36082ea2f377e8b84','107.39','0','0','1998-11-12 11:57:48','2008-10-28 02:11:12'),
('23','23','1f63a490bb3317d60c25926efebf3b20e11880e1','278.75','0','0','2009-12-08 08:10:45','2016-11-23 22:21:48'),
('24','24','65ed5c55bd5e1ad41defdca4a961e6f3ffca0091','474.37','0','0','1986-02-25 08:08:54','1992-06-10 13:28:39'),
('25','25','4abe9e121357c52846093a90bda4ed2b8ead2b0f','37.04','0','0','1990-04-04 05:09:42','1972-07-19 16:36:03'),
('26','26','891bdbc10bb461216f71ae2b930888ac85b8eaa3','465.44','1','0','1994-07-12 21:48:08','1983-09-28 19:11:38'),
('27','27','f9034fb72fdae021dc36cbcbaccaf331ab40e842','190.59','1','1','2008-11-15 16:27:16','2008-02-25 15:10:31'),
('28','28','202a4dd4cd1b3f165d86cf4eab721f1224c75ce1','352.22','0','0','1977-05-13 01:35:20','1993-10-23 17:31:20'),
('29','29','e6ba6094b6b781d8c9d431aba79debb550be7f44','365.97','0','0','1992-02-26 14:33:29','2009-07-06 02:04:16'),
('30','30','72272cfa66f60e358a95d606069df97df4250e97','330.12','0','0','2016-03-24 09:35:12','1985-11-22 03:29:10'),
('31','31','fa17d80bcde839fde13132bf677db53a00d2eaab','277.57','0','0','1975-02-16 22:16:27','1971-01-20 06:34:38'),
('32','32','309dbc43213994f3f0b17bdc2ef2be064e74cc64','145.68','0','0','1976-03-20 00:06:27','2016-04-23 19:11:28'),
('33','33','dadc06752de153e3bf60ad23494661428bc27958','107.96','1','1','1989-07-08 21:05:26','2015-11-27 09:55:18'),
('34','34','f0c71605c610a264aea19acba6cf4ea7a8fc51dc','198.47','0','0','1985-10-04 20:42:27','1998-07-24 07:13:21'),
('35','35','b7f0fa9bd53df823d3fde165d224bc71539afe35','399.26','1','0','2002-05-14 02:41:44','1990-04-12 07:46:13'),
('36','36','3a6fffe621882120276d5a2060c2e1fa97450a8a','114.20','1','0','1980-11-21 04:24:20','2007-04-10 09:09:31'),
('37','37','a6a9312c79f2c11ac681b166c94d3a13cf1c7a1f','50.78','1','0','2016-05-07 17:34:09','1998-11-06 09:13:33'),
('38','38','d2fb7be0b5a6304fd9f2f47617a55e84e6ac95b4','92.65','0','0','1991-05-20 17:37:34','1993-06-23 17:29:56'),
('39','39','1d9698fecbf5d4fc69551fe3698f26ac8a823652','249.63','0','0','1972-10-08 21:43:43','1971-04-20 01:46:44'),
('40','40','3c524259aec8ab3fa26eeb84dd90cc4209a54610','155.25','1','1','1981-02-23 21:50:03','1975-02-01 16:33:59'),
('41','41','ad3c817ac382dc7734d9c4e0aeb0df9f2c1a927d','86.86','1','0','2012-10-21 03:30:08','2000-01-17 23:26:26'),
('42','42','a6510aa481c31ecaca65ba558ed82158e190ef44','433.55','0','0','1993-04-23 00:19:00','2007-09-05 02:34:48'),
('43','43','781da14f385d2c94b62ab6a63fb8519a466903c5','147.32','0','1','1991-03-29 05:44:32','2014-02-02 20:42:17'),
('44','44','764a64dd83092e9d1af8e7ecc1d3d9b171750ef1','140.27','0','1','2002-07-21 10:54:38','1991-06-18 00:10:03'),
('45','45','6266f7854fdf6b100b7d87536dd3bfe2adf85391','424.96','1','1','1982-01-12 21:12:19','1987-10-14 00:08:15'),
('46','46','989cfc855a14f3953fc5d6afe9d672a096ce6677','386.34','0','1','1979-05-15 05:30:13','1997-08-30 03:46:47'),
('47','47','fe1ff94a5ab7046e06e567e5acd0c2de057eaaad','40.62','1','0','2014-11-05 15:54:49','1990-07-20 17:22:11'),
('48','48','76e4134c9a9600bdb886d379760d1d7731a3ed07','436.72','1','0','2003-12-12 13:27:28','1980-03-04 02:02:56'),
('49','49','13eb7623502c7d96c66c8e5f170bf6059274d485','382.68','0','1','1993-10-22 20:53:25','1989-07-29 04:26:52'),
('50','50','ab1e799375171cccece862bb23f842e998df5442','159.22','0','0','1993-01-03 21:29:15','2005-12-10 05:00:56'),
('51','51','519993d0b729b566345cd69c2f41e6b9059943e7','452.58','1','1','2006-11-09 11:00:19','1972-11-10 20:44:48'),
('52','52','b20f69229838a12363da7378eaeff83d5d37ad9b','200.60','0','0','1976-04-04 09:29:39','1999-11-15 06:03:44'),
('53','53','bb752a08ca49744f615d0e02330a12d6da087647','265.25','1','1','2009-12-25 18:10:18','2009-01-26 12:22:46'),
('54','54','746629d255495de5a17f5815fc54b0df25023611','390.81','1','0','1989-06-20 13:09:00','1978-09-01 14:59:18'),
('55','55','58d6ef4440a38ff3bff7a7bdd54c65acafec882d','195.62','1','1','2002-08-19 14:12:45','1970-06-27 02:30:15'),
('56','56','986b56b3eddabd47db979e1a95bfa983260410e7','57.59','0','0','2010-10-09 12:41:35','2010-08-02 11:09:21'),
('57','57','298655aeeaa8e669abc2aa2bd1b94fd00b033261','369.72','0','1','2016-07-28 04:22:23','1983-02-20 16:37:26'),
('58','58','e275dde4706d57561c5b9fa7fdeb3fb881eb1398','192.93','0','1','2011-10-04 10:32:43','1993-05-23 11:56:05'),
('59','59','a611eeb58d322077981935615cf6c48cd837a950','251.24','0','1','1999-12-02 16:44:00','2013-06-15 08:08:16'),
('60','60','aa5898a903a9695773a4bde56be6d25b4ddfc68e','49.68','0','1','1999-03-12 14:43:49','1983-01-29 06:35:44'),
('61','61','ef76931acd90b91557ccc4d3ba3238038a1a4709','276.74','1','0','2013-11-13 01:29:20','1975-08-26 14:56:15'),
('62','62','e4af8a523189be7f96efecdf1b44cc353bbabe4b','123.73','0','1','2018-03-21 05:38:44','1987-11-21 20:43:47'),
('63','63','0c425f2f5800ed5ea09200915aaf87ad79a9a776','389.19','0','1','1971-07-19 00:06:33','2007-12-03 21:53:32'),
('64','64','064a7c6e619af2647e2f83a23eaf7bfbb8172905','429.85','1','0','1994-03-17 12:58:22','1990-09-24 00:53:31'),
('65','65','ff9735af06b4d1ed4837b99ae9df70ef9fc14190','317.08','0','1','1995-11-01 06:35:36','1994-08-24 02:43:55'),
('66','66','f271cd92a5eb56244a71877e7e6e4d3d21d9dbdd','373.30','1','0','1980-11-19 07:57:51','1971-04-29 09:03:31'),
('67','67','e3fb1ecee3c88353614a1cac9335cf336b6f7f82','477.65','1','0','1975-12-18 20:37:58','1995-08-04 17:30:45'),
('68','68','6099cd53358971812ee8ee5f94b0d4c8abd3bae6','222.56','0','0','1987-06-14 03:27:55','1987-05-26 22:54:36'),
('69','69','43762c0a010e12a025d4b6ca365227678b959450','232.33','1','0','2001-08-31 01:36:26','1986-06-30 01:17:16'),
('70','70','b6f54afb20a9cfc2e938ee1db5fea71389b4714a','219.14','0','0','2012-04-13 05:37:18','2011-07-15 19:19:19'),
('71','71','d0f44574fda1d80ce69cf88799f58368ea37b150','201.02','1','1','1976-12-09 19:21:51','1981-10-06 19:20:16'),
('72','72','e95fa76bcab901e8d9f262c631bf81fcdb633673','196.94','0','0','2011-11-30 09:50:22','1970-10-07 16:14:11'),
('73','73','ce1f55dc7cfa0da66dd2687e9f060b7302b0a9b1','299.72','0','1','1988-12-22 06:59:16','1979-12-15 10:38:57'),
('74','74','9007ba42fc0c750a4328910c00a8350fda8e98e7','275.41','0','1','2002-01-10 11:36:26','2011-09-13 19:13:14'),
('75','75','8ceceddc3d1fd481e95b1cee51c6d63c86bf6b4e','469.18','1','0','2013-09-11 11:57:59','1981-02-27 01:57:35'),
('76','76','04dd132e75a4245d4cee86d01fea35fd49d44741','104.29','0','0','2007-02-03 18:12:48','1989-08-31 10:14:30'),
('77','77','6cadb572948d454830bec6c5bebcc56b3d47d6e4','277.03','1','1','1992-07-02 07:53:23','2017-10-08 15:24:14'),
('78','78','239dcd3ea8c6783349519b9a2e6d511535566e76','142.34','1','0','1970-09-07 09:26:38','2004-11-17 18:21:10'),
('79','79','303e501b2700771f0ad8ec805c426da1f7022fbe','465.72','0','0','2006-12-07 05:24:41','2018-09-01 16:12:32'),
('80','80','ecd7f6e2eb8df47ca878d342265978bff281acea','12.10','0','0','1975-07-18 06:07:52','2008-10-31 19:39:17'),
('81','81','31ecf9a5494436149612c2bca3b03ee85032f2f2','8.82','0','1','1980-09-08 11:05:44','1985-02-11 12:02:04'),
('82','82','cba66237bcaaea49a4adf0830c0a21ad145fc060','167.97','1','0','2004-02-05 16:05:44','1999-08-26 00:51:19'),
('83','83','30d920b4b81ac328ddf27d70602f78d387b73d92','466.80','0','0','2004-04-26 08:37:40','2017-06-04 11:40:08'),
('84','84','ae3f46e77a6f2ecca87424d419ad8d58ac5cd6b8','114.92','0','0','1982-11-21 00:53:37','1981-07-21 09:33:48'),
('85','85','631974e9d09009a42d80d44a05726a7c71f502c9','165.57','1','1','2004-07-18 00:49:10','1984-04-29 17:24:40'),
('86','86','56718016d0a26712a14d3ccb517fc8b13db5eb71','322.99','0','0','1986-04-01 09:14:00','2002-02-10 18:14:30'),
('87','87','42cf477a477303dc2efa3d512b5e977792add223','412.21','0','1','1987-06-23 15:22:11','1993-06-11 22:50:27'),
('88','88','d561b1de0adb985b62c4e31864cd207a73ef6687','298.09','0','0','1995-05-11 02:36:14','1998-01-02 14:12:29'),
('89','89','28089b43eb6c9f72f5a882e69b727b89b55e91e0','5.93','1','1','2001-04-26 04:53:33','2012-03-27 03:15:02'),
('90','90','5a27dca53123d284404cbc4fd4f70132789c8f28','285.68','1','0','1973-01-09 06:30:10','2014-04-30 10:36:21'),
('91','91','b2e4b608de377d77da3e1bf2ef2dd1e73dd19e29','188.17','0','1','2007-10-21 09:14:05','1985-11-08 16:14:13'),
('92','92','fe445307956dee151cbf3a33247e48186315ae5b','241.94','1','1','1986-07-23 14:40:37','2011-04-13 12:33:55'),
('93','93','d7871efbf43107096e3376687879973d621cbb02','411.51','0','0','1983-08-30 12:02:46','1998-12-26 13:39:36'),
('94','94','453bf757d09562bb97f0b1739408fe5594c3b75a','275.80','1','1','1989-02-14 18:22:36','1972-07-26 20:20:44'),
('95','95','58a4cd02c765453db52586c6d361b9c779275fa0','280.57','1','0','1990-01-21 20:10:26','2013-11-12 05:33:36'),
('96','96','6aed09381c780ac242fd4133adb4cce3fbc2919f','154.21','0','1','1970-05-02 03:42:06','1999-11-11 13:36:00'),
('97','97','1543c5ecda3532ee75be9e811b466d3bec5aa98c','305.79','1','0','1994-05-17 07:44:31','1981-08-03 17:22:29'),
('98','98','b8e2dbbbc89197000a9c0c26bc90cb2a7aa33894','25.82','0','0','2012-09-27 14:40:05','1995-10-21 15:34:43'),
('99','99','907aaaa56a1de253e0d358597096d17b4e9655c2','282.66','0','0','1980-09-06 01:38:00','1970-06-09 03:53:55'),
('100','100','07dcb63e291ee2a7ec8737445daad7f3c36cbfed','324.57','0','0','2003-10-02 22:45:08','1993-08-04 12:50:20');

/* PRODUCTS TABLE DATA */
INSERT INTO `Products` VALUES ('1','voluptas','Aut eos fuga dicta ipsum. Ut nihil aut nihil qui. In dolor non nesciunt voluptatum exercitationem ducimus rerum.','70.83','images/c8d14d962638f836513a725a48fb6ebc.jpg','67','seed'),
('2','in','Et qui velit delectus odit sequi sunt quam. Dolores dolores maxime quo autem qui. Voluptatem et aperiam eos accusantium.','37.23','images/8a80f1dab17478f5588b9945ac77f3c8.jpg','95','seed'),
('3','at','Quisquam quidem eius sequi ad atque qui debitis saepe. In corporis ipsam quia. Consequatur at tempore aliquid voluptate reprehenderit enim.','28.09','images/bfc1d5d5a0757b42158b6514623512a4.jpg','49','seed'),
('4','natus','Dignissimos magni iure eos ad aut at. Dolorem quo quaerat libero unde sit. Modi sequi est dolorum necessitatibus omnis. Cumque nobis vel quod tempora.','45.88','images/cfa34b7ccafb65e69d06a40922991a50.jpg','37','seed'),
('5','consequatur','Distinctio et rerum architecto consequatur occaecati a. Totam similique quia mollitia. Quis aut commodi dolores autem.','44.35','images/c4ce8e82b234f954f75967d9e66a2779.jpg','16','seed'),
('6','illo','Dignissimos facere fugit dolore et. Quasi reprehenderit dolores rem mollitia. Cumque vel aut exercitationem nobis repudiandae et aut voluptatibus.','27.08','images/97f731bd1b4de9dcfc00db2b591a4562.jpg','72','seed'),
('7','maxime','Minus fugit assumenda enim earum consequuntur voluptas officia. Corporis accusantium enim autem iusto voluptate. Deserunt repellendus sed rerum id numquam. Dolorum aliquid et qui ipsa officia in minima.','49.51','images/8a1f431e9849933add74f6f7eb0eea91.jpg','33','seed'),
('8','illum','Quibusdam dolores ex quam porro. Modi blanditiis quis doloremque consequuntur omnis. Et aut laboriosam esse accusamus ut hic repudiandae nesciunt. Possimus aut et quis non esse ipsam et.','40.85','images/c7a8c70a290afcbde14544d31d9d70f7.jpg','97','seed'),
('9','a','Quia totam necessitatibus ut harum aliquid vitae numquam. Inventore laboriosam veritatis voluptatem et inventore. Eveniet et inventore culpa dolores hic sunt.','91.92','images/52165e6048137bc1cc1cdbece723db6c.jpg','50','seed'),
('10','sed','Sed eligendi ullam fuga inventore ducimus voluptatem nobis. Est minus esse facere quo sint quae. Fuga omnis aut sit eos autem ad.','89.98','images/ee68d65234fb3a9da8833e8dd94ab5eb.jpg','32','seed'),
('11','tempora','Cumque voluptatibus aliquam accusamus quo et. Quis quam ut maxime quos. Labore repellat id sequi in iure. Sequi ad explicabo vel eligendi quia error dolorem iste.','78.66','images/d2c2c00e3c57d392bede817786f748f3.jpg','45','seed'),
('12','quo','Perspiciatis sequi porro quos quis amet ea autem. Aut itaque tempora velit alias. Non facere dolore facere accusamus illum mollitia. Quod qui delectus earum veniam modi enim. Voluptatem autem numquam corporis repellendus quidem sequi.','73.97','images/a64f65e7c4c265e07ea70126f3164e59.jpg','108','seed'),
('13','accusantium','Velit rerum optio necessitatibus nihil. Pariatur consequuntur quas sunt suscipit. Facere eum illo quia aut dolores similique.','49.43','images/54c0e147b98ac01fd50e45def87c5515.jpg','72','seed'),
('14','sed','Aut eveniet iure rerum sunt. Impedit eos tempora eius.','43.07','images/ceeb5e66785ff46b5a28aa4c0bf53569.jpg','92','seed'),
('15','voluptas','Laudantium saepe aperiam sequi. Rerum incidunt atque voluptatum officia ex.','96.79','images/48ad9f8ed8d11a417268f76ae9b0ff44.jpg','52','seed'),
('16','et','Sed mollitia dolores molestiae aliquam dolor. Voluptatem quis ipsa sint sit quia sit voluptas quo. Velit ut occaecati animi sed magnam. Voluptas voluptate natus repellendus.','50.29','images/7c1ab9c6abe434d9a3394d540793c170.jpg','59','seed'),
('17','molestias','Omnis recusandae alias aut delectus quos in. Et ea ut nihil eos. Laborum dolores unde atque laborum in magnam reprehenderit.','80.18','images/001a51b6617f10d8875f1d22683badd4.jpg','90','smartgarden'),
('18','architecto','Dolorem itaque dicta veritatis dolor suscipit illo. Voluptates eius voluptas non non voluptatem doloribus veritatis. Quod accusamus natus explicabo facere voluptas eligendi.','23.24','images/937e14d5da1dab66502d81d3e7b6d72a.jpg','23','smartgarden'),
('19','similique','Veniam dolor doloremque repudiandae quia iusto. Neque non ex temporibus a modi pariatur ut ipsum. Exercitationem officiis beatae aut voluptatem cum et. Beatae quasi sit pariatur voluptas. In voluptas dignissimos ut assumenda.','3.97','images/b0255b80c8a5e6243b1a28c4d4b4ec3f.jpg','55','smartgarden'),
('20','debitis','Ipsa ea quidem nam veniam quia omnis. Illo numquam quis in.','81.85','images/12216ea53cfce2a571dc56a018eee093.jpg','81','smartgarden'); 

/* PRODUCTSORDERS TABLE DATA */
INSERT INTO `OrdersProducts` VALUES ('1','1','5'),
('2','2','1'),
('3','3','5'),
('4','4','3'),
('5','5','3'),
('6','6','4'),
('7','7','2'),
('8','8','6'),
('9','9','10'),
('10','10','4'),
('11','11','6'),
('12','12','3'),
('13','13','7'),
('14','14','1'),
('15','15','7'),
('16','16','10'),
('17','17','4'),
('18','18','7'),
('19','19','6'),
('20','20','9'),
('21','1','6'),
('22','2','2'),
('23','3','7'),
('24','4','8'),
('25','5','3'),
('26','6','2'),
('27','7','5'),
('28','8','10'),
('29','9','3'),
('30','10','8'),
('31','11','6'),
('32','12','3'),
('33','13','10'),
('34','14','2'),
('35','15','9'),
('36','16','8'),
('37','17','3'),
('38','18','6'),
('39','19','4'),
('40','20','4'),
('41','1','3'),
('42','2','5'),
('43','3','8'),
('44','4','3'),
('45','5','7'),
('46','6','5'),
('47','7','2'),
('48','8','5'),
('49','9','9'),
('50','10','2'),
('51','11','6'),
('52','12','9'),
('53','13','4'),
('54','14','10'),
('55','15','5'),
('56','16','10'),
('57','17','5'),
('58','18','7'),
('59','19','8'),
('60','20','8'),
('61','1','8'),
('62','2','2'),
('63','3','3'),
('64','4','1'),
('65','5','1'),
('66','6','10'),
('67','7','4'),
('68','8','3'),
('69','9','1'),
('70','10','6'),
('71','11','6'),
('72','12','7'),
('73','13','10'),
('74','14','6'),
('75','15','9'),
('76','16','5'),
('77','17','3'),
('78','18','3'),
('79','19','5'),
('80','20','2'),
('81','1','5'),
('82','2','1'),
('83','3','6'),
('84','4','1'),
('85','5','6'),
('86','6','3'),
('87','7','10'),
('88','8','10'),
('89','9','1'),
('90','10','6'),
('91','11','4'),
('92','12','8'),
('93','13','5'),
('94','14','9'),
('95','15','5'),
('96','16','3'),
('97','17','4'),
('98','18','8'),
('99','19','4'),
('100','20','7'); 

/* SEASONS TABLE DATA */
INSERT INTO `Seasons` VALUES ('summer'),
('fall'),
('winter'),
('spring');

/* SEEDS TABLE DATA */
INSERT INTO `Seeds` VALUES ('1','2','57','fall'),
('2','23','30','spring'),
('3','50','23','summer'),
('4','40','2','winter'),
('5','16','39','fall'),
('6','8','50','spring'),
('7','32','63','summer'),
('8','49','5','winter'),
('9','33','86','fall'),
('10','44','48','spring'),
('11','40','22','summer'),
('12','41','13','winter'),
('13','30','95','fall'),
('14','50','29','spring'),
('15','9','89','summer'),
('16','39','80','winter');

/* SMARTGARDENS TABLE DATA */
INSERT INTO `SmartGardens` VALUES ('17','135','136','82','0','7','7','4'),
('18','103','165','100','1','6','8','9'),
('19','74','106','136','1','13','17','17'),
('20','71','108','78','1','5','2','13');

/* OWNEDSMARTGARDENS TABLE DATA */
INSERT INTO `OwnedSmartGardens` VALUES ('1','1','1','2003-08-19 09:03:10'),
('2','2','2','1978-06-16 23:09:55'),
('3','3','3','1970-03-30 22:26:19'),
('4','4','4','1991-03-24 08:14:05'),
('5','5','5','1977-03-13 19:11:11'),
('6','6','6','1990-01-31 23:53:09'),
('7','7','7','2005-04-15 15:14:45'),
('8','8','8','2016-07-05 15:32:01'),
('9','9','9','1980-11-29 01:21:52'),
('10','10','10','1974-01-15 08:52:08'),
('11','11','11','2011-03-04 17:30:47'),
('12','12','12','1995-03-14 16:42:26'),
('13','13','13','2006-08-22 17:43:44'),
('14','14','14','2008-08-19 19:56:40'),
('15','15','15','1994-05-27 20:28:20'),
('16','16','16','2005-06-01 14:49:32'),
('17','17','17','1972-05-08 21:29:39'),
('18','18','18','1982-10-14 02:55:34'),
('19','19','19','2009-04-26 17:52:57'),
('20','20','20','1985-10-21 04:25:45'),
('21','21','1','1991-12-16 23:16:26'),
('22','22','2','1971-04-03 00:41:39'),
('23','23','3','1999-06-01 07:28:14'),
('24','24','4','2015-08-29 07:41:57'),
('25','25','5','2003-03-05 13:37:16'),
('26','26','6','1982-09-10 21:36:13'),
('27','27','7','1995-05-12 08:02:05'),
('28','28','8','1990-11-18 11:16:06'),
('29','29','9','1988-07-09 10:20:45'),
('30','30','10','1977-03-26 08:45:05'),
('31','31','11','1977-04-12 04:38:34'),
('32','32','12','1985-02-17 08:03:07'),
('33','33','13','1995-03-22 22:19:29'),
('34','34','14','1977-11-23 08:24:16'),
('35','35','15','2005-04-06 21:57:39'),
('36','36','16','1973-01-10 08:48:31'),
('37','37','17','2008-11-01 17:10:01'),
('38','38','18','1973-12-23 03:59:41'),
('39','39','19','2003-08-02 14:47:42'),
('40','40','20','2008-04-16 11:51:00'),
('41','41','1','2004-05-27 14:41:05'),
('42','42','2','2002-06-18 17:05:11'),
('43','43','3','1995-10-04 04:25:22'),
('44','44','4','2006-10-27 16:40:15'),
('45','45','5','2010-12-16 00:43:34'),
('46','46','6','1978-04-04 22:50:42'),
('47','47','7','1988-11-04 22:29:21'),
('48','48','8','2003-10-25 15:47:25'),
('49','49','9','2004-07-24 06:46:20'),
('50','50','10','1973-10-15 10:08:31'),
('51','51','11','2018-02-22 03:57:28'),
('52','52','12','2006-06-14 16:59:26'),
('53','53','13','1989-10-01 17:10:02'),
('54','54','14','1983-08-24 07:05:54'),
('55','55','15','2018-02-06 19:38:50'),
('56','56','16','1977-04-25 14:37:38'),
('57','57','17','2002-09-12 05:30:32'),
('58','58','18','1997-08-16 13:13:46'),
('59','59','19','2007-09-04 14:49:15'),
('60','60','20','1994-02-24 06:34:37'),
('61','61','1','1971-08-09 23:29:00'),
('62','62','2','1995-08-15 04:19:58'),
('63','63','3','1972-05-02 22:24:51'),
('64','64','4','2001-04-24 01:33:37'),
('65','65','5','1989-10-25 16:35:52'),
('66','66','6','2000-03-25 04:20:05'),
('67','67','7','1986-12-31 22:36:37'),
('68','68','8','2006-10-31 06:38:57'),
('69','69','9','2018-04-09 13:29:55'),
('70','70','10','2014-10-02 23:47:01'),
('71','71','11','1990-08-05 17:46:34'),
('72','72','12','1983-06-01 04:53:29'),
('73','73','13','2000-02-23 17:12:35'),
('74','74','14','1992-11-30 09:17:39'),
('75','75','15','1976-05-20 02:50:31'),
('76','76','16','1977-05-22 06:52:18'),
('77','77','17','1987-07-21 13:41:56'),
('78','78','18','1997-04-19 12:01:15'),
('79','79','19','2003-02-27 17:57:36'),
('80','80','20','2004-12-07 12:42:16'),
('81','81','1','1984-04-26 02:31:13'),
('82','82','2','1972-08-06 14:14:44'),
('83','83','3','1980-08-11 10:05:16'),
('84','84','4','1975-05-15 23:05:54'),
('85','85','5','1988-11-24 00:22:31'),
('86','86','6','2009-06-05 08:52:53'),
('87','87','7','1998-07-05 14:45:02'),
('88','88','8','1993-07-25 15:09:52'),
('89','89','9','2002-03-14 15:31:30'),
('90','90','10','1984-06-10 01:45:47'),
('91','91','11','1974-06-29 22:43:14'),
('92','92','12','1972-02-18 03:45:29'),
('93','93','13','1977-03-17 22:51:53'),
('94','94','14','1995-04-17 01:56:12'),
('95','95','15','1980-07-06 19:47:49'),
('96','96','16','1978-01-08 01:58:30'),
('97','97','17','2006-08-12 11:30:30'),
('98','98','18','1990-04-22 22:34:36'),
('99','99','19','1989-07-06 09:45:19'),
('100','100','20','2007-12-01 12:35:41');

/* SMARTGARDENDATA TABLE DATA */
INSERT INTO `SmartGardenData` VALUES ('1','1','100','25','57','49','1999-12-04 09:47:49'),
('2','2','12','87','54','3','2008-10-09 13:14:55'),
('3','3','71','60','25','29','1974-03-19 15:11:17'),
('4','4','72','22','1','29','1977-12-06 21:02:01'),
('5','5','48','94','20','44','1980-04-27 01:17:01'),
('6','6','60','30','37','25','2005-01-11 12:19:00'),
('7','7','94','80','36','58','1998-08-24 06:33:56'),
('8','8','96','65','12','30','1978-03-08 16:20:48'),
('9','9','55','88','66','22','2008-10-16 03:28:58'),
('10','10','22','53','5','72','2004-07-27 03:45:34'),
('11','11','98','87','100','60','1987-11-26 17:28:50'),
('12','12','83','7','46','76','2013-10-31 16:10:50'),
('13','13','31','82','82','29','1989-10-29 17:39:39'),
('14','14','37','94','82','42','2007-06-04 02:07:06'),
('15','15','61','53','45','48','1988-12-09 18:25:17'),
('16','16','31','10','82','86','1978-04-06 16:03:24'),
('17','17','46','22','30','45','1994-05-29 05:45:56'),
('18','18','83','73','76','59','1984-03-19 00:35:06'),
('19','19','64','80','71','11','1992-10-23 12:45:39'),
('20','20','14','85','18','22','1993-10-11 17:18:43'),
('21','21','77','66','78','75','2014-11-19 03:04:29'),
('22','22','70','90','83','76','2014-04-08 02:08:54'),
('23','23','7','79','91','43','1998-09-15 08:45:54'),
('24','24','73','24','53','21','2012-01-24 13:30:28'),
('25','25','15','46','56','53','2011-01-15 08:15:40'),
('26','26','41','10','60','68','2008-03-14 01:59:10'),
('27','27','50','59','47','48','2012-03-11 02:48:39'),
('28','28','9','43','76','95','2011-02-17 13:24:33'),
('29','29','59','15','50','27','2002-12-12 00:29:36'),
('30','30','96','45','67','93','1980-04-01 19:14:47'),
('31','31','72','58','79','10','2008-06-05 08:20:52'),
('32','32','31','1','59','31','2002-06-26 23:53:31'),
('33','33','55','2','8','20','1970-10-23 20:21:49'),
('34','34','28','36','73','76','1997-07-12 16:42:20'),
('35','35','91','5','25','87','2007-08-21 08:38:37'),
('36','36','63','47','54','80','2007-09-14 09:50:07'),
('37','37','6','70','74','48','1972-09-25 13:02:47'),
('38','38','76','18','19','24','2006-09-17 08:11:23'),
('39','39','82','91','2','10','1988-06-01 05:44:38'),
('40','40','2','53','52','71','1973-06-23 20:27:27'),
('41','41','65','4','35','36','1982-05-17 05:27:20'),
('42','42','82','17','61','78','2017-09-30 22:47:54'),
('43','43','36','98','58','40','1975-08-01 06:27:37'),
('44','44','35','92','21','72','2006-01-03 04:29:48'),
('45','45','60','89','48','93','2017-08-06 00:56:58'),
('46','46','55','53','38','49','2018-09-20 11:11:49'),
('47','47','45','55','32','61','2017-10-26 17:58:49'),
('48','48','80','47','88','93','1975-01-08 13:57:38'),
('49','49','41','94','94','63','2005-01-14 15:52:22'),
('50','50','73','51','60','96','1999-06-10 16:16:09'),
('51','51','74','90','100','73','1989-01-28 18:02:32'),
('52','52','68','25','22','95','1990-12-05 23:30:47'),
('53','53','21','67','12','32','2000-10-12 09:30:31'),
('54','54','35','10','6','57','1983-11-01 01:25:40'),
('55','55','31','24','78','52','2013-01-28 12:18:40'),
('56','56','27','6','86','7','1988-09-26 23:30:00'),
('57','57','7','17','50','21','1974-07-20 22:44:12'),
('58','58','100','24','51','45','2009-08-20 00:31:21'),
('59','59','54','23','30','69','2010-10-28 12:18:33'),
('60','60','96','40','100','98','2018-09-20 18:17:12'),
('61','61','50','26','49','9','1974-05-07 11:13:42'),
('62','62','14','55','42','8','1986-05-31 10:32:05'),
('63','63','87','50','35','54','2010-02-26 06:31:39'),
('64','64','17','26','53','11','1981-10-30 16:45:32'),
('65','65','18','42','68','6','1987-05-15 19:12:57'),
('66','66','36','13','100','87','1999-03-31 07:13:40'),
('67','67','73','42','10','69','1998-03-15 19:50:45'),
('68','68','39','92','74','26','2010-11-19 12:38:05'),
('69','69','43','51','54','24','1977-05-19 04:26:17'),
('70','70','45','8','88','9','1992-12-13 18:08:33'),
('71','71','15','37','86','59','1973-03-22 04:44:20'),
('72','72','52','63','79','59','2002-04-11 23:35:35'),
('73','73','24','75','8','41','1976-12-25 11:13:28'),
('74','74','76','12','89','58','1999-08-01 05:40:33'),
('75','75','5','53','76','6','1999-05-25 19:57:16'),
('76','76','16','37','80','80','1997-02-06 16:45:15'),
('77','77','47','74','13','2','2000-03-07 08:53:31'),
('78','78','93','88','38','73','2001-08-13 23:26:30'),
('79','79','80','71','62','66','2015-01-28 17:59:33'),
('80','80','40','41','1','59','2017-05-05 10:15:11'),
('81','81','51','99','68','71','1987-08-09 02:48:18'),
('82','82','12','9','81','62','1993-06-02 04:07:57'),
('83','83','16','74','70','60','1998-01-03 12:20:41'),
('84','84','67','46','56','51','1979-02-25 00:54:02'),
('85','85','63','97','28','46','1980-01-02 17:20:23'),
('86','86','86','69','17','73','1997-09-09 20:05:53'),
('87','87','84','70','81','58','1988-11-12 19:58:41'),
('88','88','16','86','88','32','1979-05-28 18:11:37'),
('89','89','94','39','76','23','1994-03-09 21:21:58'),
('90','90','10','80','1','3','2006-03-20 07:20:24'),
('91','91','52','3','79','28','2004-08-31 15:25:59'),
('92','92','79','19','5','70','2012-07-15 13:18:48'),
('93','93','15','56','29','68','1998-01-01 14:55:54'),
('94','94','36','41','19','37','1987-06-28 22:47:35'),
('95','95','29','3','92','41','2009-08-31 00:07:50'),
('96','96','13','55','63','34','2001-03-08 19:20:54'),
('97','97','77','94','98','48','1980-02-26 13:47:19'),
('98','98','9','41','24','24','2012-03-19 01:38:10'),
('99','99','37','85','20','58','1979-01-16 15:33:28'),
('100','100','74','45','90','73','1987-09-22 08:32:24'),
('101','1','80','98','43','96','1993-07-29 22:50:07'),
('102','2','24','43','60','97','1980-09-16 22:58:29'),
('103','3','90','66','18','63','1990-01-25 15:20:31'),
('104','4','97','99','82','20','1979-07-05 21:09:22'),
('105','5','95','34','27','42','1975-11-27 06:23:37'),
('106','6','21','22','7','47','1976-03-01 23:18:16'),
('107','7','41','86','12','94','1998-10-26 22:16:05'),
('108','8','46','23','47','86','2011-09-17 22:05:01'),
('109','9','73','2','60','21','1996-08-19 03:14:08'),
('110','10','96','27','53','41','1979-04-03 11:29:17'),
('111','11','58','13','28','97','1972-09-23 21:54:18'),
('112','12','29','58','60','90','1990-09-04 13:41:14'),
('113','13','61','52','49','69','2000-08-14 20:01:23'),
('114','14','65','33','19','5','1971-02-27 20:04:51'),
('115','15','23','91','74','44','1996-07-27 21:21:16'),
('116','16','44','17','88','88','2017-03-08 09:19:12'),
('117','17','6','32','84','44','2005-12-15 07:29:11'),
('118','18','12','79','68','40','2012-12-25 09:08:18'),
('119','19','39','26','78','79','2017-10-01 02:37:58'),
('120','20','74','57','100','57','2014-09-03 15:03:44'),
('121','21','84','42','2','12','1995-02-06 07:10:16'),
('122','22','65','58','36','57','2000-09-08 20:57:41'),
('123','23','14','23','11','68','1991-06-27 03:16:56'),
('124','24','56','64','33','43','1995-03-14 19:35:53'),
('125','25','84','96','18','33','2004-03-26 09:16:48'),
('126','26','10','46','87','31','2014-02-21 09:20:26'),
('127','27','99','9','81','84','1985-12-21 05:56:15'),
('128','28','57','81','90','78','1996-09-03 18:20:23'),
('129','29','76','60','24','93','2001-08-09 02:06:25'),
('130','30','16','72','33','44','2002-05-11 18:10:35'),
('131','31','93','98','55','55','2013-09-26 04:40:20'),
('132','32','4','43','37','76','1982-12-12 19:33:29'),
('133','33','7','30','4','21','1992-11-18 09:41:39'),
('134','34','65','75','92','54','1991-05-27 11:18:39'),
('135','35','46','15','82','44','2010-07-21 04:15:07'),
('136','36','75','10','65','29','2006-10-07 14:25:54'),
('137','37','38','49','59','44','2014-03-21 07:26:16'),
('138','38','54','53','92','18','1998-04-04 22:58:20'),
('139','39','2','51','93','83','2016-07-07 09:58:27'),
('140','40','15','34','87','83','2011-01-28 20:01:54'),
('141','41','35','92','39','97','1995-03-06 17:47:18'),
('142','42','93','76','85','99','2003-06-11 23:18:10'),
('143','43','4','85','92','51','1988-10-23 02:56:58'),
('144','44','16','80','79','58','1998-09-24 06:38:27'),
('145','45','95','42','89','19','1973-06-24 20:56:11'),
('146','46','10','9','23','75','1982-04-23 18:13:39'),
('147','47','9','13','57','72','1975-06-22 17:50:29'),
('148','48','90','40','64','83','2001-11-30 02:15:47'),
('149','49','83','94','21','33','1998-03-31 16:35:17'),
('150','50','29','73','31','46','2004-05-21 17:39:16'),
('151','51','75','78','46','45','2007-10-31 07:38:31'),
('152','52','62','99','53','60','1984-12-05 12:41:13'),
('153','53','47','28','74','48','2014-10-27 02:15:13'),
('154','54','16','3','15','94','1972-07-20 22:09:19'),
('155','55','41','76','23','42','1995-10-18 22:28:33'),
('156','56','4','46','43','82','1988-08-26 07:02:42'),
('157','57','61','76','28','1','2018-07-12 06:47:26'),
('158','58','26','86','12','11','2016-04-25 16:33:04'),
('159','59','47','39','67','54','1993-05-19 10:45:05'),
('160','60','79','57','47','97','2011-09-30 04:03:20'),
('161','61','87','59','30','35','1974-07-31 22:09:57'),
('162','62','47','89','88','38','1999-08-24 03:26:53'),
('163','63','15','43','12','88','2014-09-15 18:21:21'),
('164','64','100','79','3','7','2000-10-26 00:19:34'),
('165','65','11','42','74','69','1981-03-31 12:05:28'),
('166','66','24','93','97','57','1973-11-03 04:10:10'),
('167','67','82','83','87','93','2001-03-11 20:34:27'),
('168','68','59','99','57','3','1992-01-30 18:23:01'),
('169','69','39','76','53','38','2010-04-23 18:04:57'),
('170','70','53','28','60','19','1996-12-14 03:47:44'),
('171','71','82','78','24','49','2011-08-26 21:58:47'),
('172','72','3','30','78','97','1982-05-05 14:09:06'),
('173','73','40','77','67','2','1982-02-17 13:52:28'),
('174','74','97','84','28','39','2002-01-23 13:55:55'),
('175','75','47','48','72','69','1994-04-21 11:15:06'),
('176','76','59','79','11','96','2008-06-15 07:11:20'),
('177','77','9','18','68','76','2004-03-11 04:36:15'),
('178','78','68','27','32','77','2012-11-28 18:00:12'),
('179','79','58','3','75','12','2010-05-13 16:48:51'),
('180','80','19','90','4','89','2009-10-31 16:22:45'),
('181','81','39','2','59','93','1973-12-11 12:22:14'),
('182','82','11','8','39','27','1987-03-01 05:28:24'),
('183','83','100','19','93','35','1990-09-16 15:50:05'),
('184','84','29','32','50','68','1979-10-28 04:39:59'),
('185','85','69','38','69','70','1998-02-01 22:34:03'),
('186','86','77','94','52','6','1997-02-26 10:12:07'),
('187','87','21','28','71','7','1974-06-18 15:30:30'),
('188','88','14','18','22','71','1977-09-15 16:11:27'),
('189','89','5','42','80','88','2012-04-20 11:54:32'),
('190','90','30','54','99','14','2001-11-24 18:47:07'),
('191','91','19','99','73','65','2016-11-19 14:26:15'),
('192','92','70','37','40','100','1970-04-06 21:02:22'),
('193','93','13','34','23','85','1979-06-03 22:04:27'),
('194','94','70','4','48','75','2016-12-29 20:16:40'),
('195','95','40','22','2','52','1991-06-05 08:31:06'),
('196','96','85','93','37','69','2003-06-02 07:11:04'),
('197','97','73','65','22','59','2016-08-07 11:00:50'),
('198','98','52','83','11','89','1980-11-30 11:07:01'),
('199','99','62','54','44','13','2000-07-05 11:37:23'),
('200','100','65','81','52','44','1981-09-15 21:12:29'),
('201','1','98','65','75','69','1985-03-10 10:20:41'),
('202','2','100','95','14','7','1998-10-27 04:41:25'),
('203','3','53','65','25','45','2011-05-08 00:03:19'),
('204','4','55','78','100','32','2009-01-14 03:36:42'),
('205','5','44','87','2','15','1994-01-30 00:52:50'),
('206','6','46','38','83','87','2013-07-14 05:47:22'),
('207','7','76','41','70','79','1978-04-21 08:28:52'),
('208','8','13','25','26','41','1997-07-20 11:53:44'),
('209','9','87','66','67','80','2008-08-02 15:47:18'),
('210','10','81','6','77','89','1998-06-15 16:58:17'),
('211','11','28','31','54','91','1982-04-03 05:20:47'),
('212','12','9','39','44','18','1972-01-07 13:03:51'),
('213','13','44','68','33','66','2004-12-30 16:48:34'),
('214','14','25','54','77','34','1990-07-16 12:10:50'),
('215','15','58','17','76','99','1979-09-01 17:32:42'),
('216','16','23','72','91','84','1974-08-04 19:08:53'),
('217','17','25','89','91','67','1994-10-27 10:19:23'),
('218','18','90','72','82','70','1978-09-07 07:13:46'),
('219','19','4','90','54','35','2016-03-11 16:46:50'),
('220','20','61','55','99','92','1997-03-27 12:00:36'),
('221','21','83','92','6','96','2000-01-27 10:55:50'),
('222','22','12','56','76','68','1994-12-02 02:24:25'),
('223','23','56','61','56','14','2003-02-19 05:43:03'),
('224','24','54','24','94','32','2008-03-28 15:10:27'),
('225','25','53','8','8','64','1988-07-15 23:16:40'),
('226','26','65','12','54','30','1985-06-15 23:36:37'),
('227','27','39','49','78','64','1988-11-15 12:16:14'),
('228','28','11','4','91','100','1987-01-18 22:58:07'),
('229','29','10','3','75','78','1980-03-14 11:48:02'),
('230','30','11','12','32','95','2015-12-12 15:34:39'),
('231','31','81','40','69','95','1985-08-10 09:40:08'),
('232','32','16','95','12','40','1987-05-01 00:17:46'),
('233','33','18','91','29','61','1981-01-16 14:37:26'),
('234','34','14','65','95','47','1994-06-26 23:11:06'),
('235','35','7','88','22','25','1985-12-15 01:32:40'),
('236','36','4','49','80','47','2014-01-05 00:33:28'),
('237','37','86','33','47','97','2016-03-23 05:16:25'),
('238','38','79','42','88','92','1975-03-19 06:34:30'),
('239','39','43','68','78','89','1994-10-03 00:30:21'),
('240','40','85','12','22','88','2003-09-10 06:01:39'),
('241','41','49','23','63','2','2002-08-27 15:19:53'),
('242','42','17','12','71','73','2006-07-30 03:31:18'),
('243','43','1','7','78','54','1994-08-25 21:40:18'),
('244','44','91','38','59','38','1981-10-07 15:37:25'),
('245','45','64','20','41','54','2016-04-08 13:50:16'),
('246','46','31','36','19','82','1993-09-04 06:04:24'),
('247','47','18','40','36','46','1996-02-09 20:33:23'),
('248','48','71','74','62','1','1992-11-17 12:20:47'),
('249','49','98','100','57','17','2007-01-29 14:39:52'),
('250','50','4','74','36','8','2013-01-22 21:34:15'),
('251','51','89','36','31','58','2007-05-05 13:51:31'),
('252','52','29','19','59','8','2009-12-26 21:16:19'),
('253','53','52','50','68','5','2015-12-04 10:41:13'),
('254','54','97','3','38','38','1995-10-28 02:18:37'),
('255','55','30','99','37','1','1973-12-02 02:36:56'),
('256','56','54','48','90','11','2018-10-15 00:29:13'),
('257','57','16','4','67','21','2005-09-12 11:23:52'),
('258','58','88','74','13','87','1986-08-01 15:49:55'),
('259','59','17','99','23','46','1978-09-12 03:02:29'),
('260','60','9','41','24','86','1999-01-13 09:00:22'),
('261','61','34','47','89','98','2000-08-31 13:35:30'),
('262','62','53','49','14','22','1975-08-10 15:59:43'),
('263','63','72','35','13','8','2004-02-17 05:58:35'),
('264','64','45','12','70','26','1971-12-14 11:14:27'),
('265','65','96','8','54','55','1983-04-21 06:51:11'),
('266','66','64','94','85','74','2018-03-18 20:43:21'),
('267','67','83','12','10','1','2009-09-21 01:22:59'),
('268','68','65','55','38','98','2010-02-16 00:42:47'),
('269','69','44','85','27','1','1998-10-26 02:42:59'),
('270','70','5','23','42','27','2015-10-02 21:18:39'),
('271','71','41','57','79','69','1973-01-13 07:26:07'),
('272','72','60','1','64','48','1983-02-01 19:00:19'),
('273','73','32','88','100','73','1995-12-15 01:44:31'),
('274','74','42','85','68','44','1973-01-08 03:41:10'),
('275','75','74','92','84','14','1978-08-28 03:56:27'),
('276','76','21','71','63','77','1996-10-26 02:19:34'),
('277','77','51','42','71','96','1996-09-06 20:36:12'),
('278','78','19','24','6','22','1974-05-07 20:24:41'),
('279','79','56','95','52','30','1980-11-10 03:07:36'),
('280','80','86','13','64','12','2016-07-14 23:13:53'),
('281','81','64','36','43','64','1973-10-22 19:53:23'),
('282','82','47','87','14','43','1979-02-18 07:47:50'),
('283','83','99','39','3','8','2017-09-26 13:34:53'),
('284','84','55','34','48','36','2012-06-21 13:20:43'),
('285','85','28','74','76','68','2012-01-28 22:17:41'),
('286','86','55','100','7','10','1981-01-04 13:36:03'),
('287','87','70','79','59','21','2012-04-24 19:51:32'),
('288','88','12','23','41','17','2004-07-08 07:03:13'),
('289','89','65','65','100','13','1983-03-20 07:43:01'),
('290','90','66','17','83','73','2017-04-12 04:48:43'),
('291','91','45','2','64','55','1978-12-03 10:06:12'),
('292','92','42','31','22','57','1982-08-01 10:48:19'),
('293','93','82','86','81','34','1990-10-03 04:51:19'),
('294','94','14','48','96','62','1976-01-25 08:38:43'),
('295','95','53','85','100','58','1997-10-30 05:01:43'),
('296','96','12','55','100','9','1971-11-11 02:41:04'),
('297','97','81','94','3','71','2013-12-24 04:39:27'),
('298','98','19','34','98','61','2006-04-10 10:18:47'),
('299','99','28','2','80','49','1973-10-27 17:33:36'),
('300','100','91','89','34','67','1986-12-30 05:08:46'),
('301','1','89','19','18','7','1999-10-16 01:48:25'),
('302','2','40','16','82','19','1976-09-26 15:01:52'),
('303','3','87','1','77','15','1992-01-07 01:27:17'),
('304','4','38','45','18','33','1986-12-03 05:51:47'),
('305','5','18','28','68','97','2004-08-31 10:19:16'),
('306','6','31','59','82','60','1989-11-13 21:26:01'),
('307','7','25','4','88','5','2018-01-21 17:40:04'),
('308','8','52','97','79','98','1975-02-23 05:30:18'),
('309','9','33','9','53','87','1983-12-12 17:29:44'),
('310','10','29','10','52','84','1994-06-29 06:20:25'),
('311','11','17','58','74','90','1974-10-18 02:40:00'),
('312','12','42','62','71','5','1996-08-21 22:25:28'),
('313','13','10','32','4','39','2018-01-09 12:54:41'),
('314','14','95','21','69','74','2000-12-29 10:47:26'),
('315','15','56','37','83','8','2014-07-14 08:09:26'),
('316','16','91','62','93','50','2016-01-27 21:47:37'),
('317','17','73','51','25','95','2008-01-06 06:16:14'),
('318','18','56','23','19','12','1974-01-12 04:56:04'),
('319','19','33','7','100','63','1991-03-04 00:34:40'),
('320','20','25','12','48','98','1997-06-12 01:58:15'),
('321','21','86','16','90','73','1980-01-28 17:14:28'),
('322','22','62','44','20','36','2018-04-11 22:49:26'),
('323','23','8','40','37','48','1974-08-16 23:05:24'),
('324','24','96','33','61','94','2000-06-10 12:22:38'),
('325','25','26','44','9','83','2013-09-30 05:34:25'),
('326','26','74','19','26','76','1977-02-26 04:39:10'),
('327','27','93','16','1','62','1970-09-23 05:20:19'),
('328','28','76','25','87','83','1992-08-30 11:54:55'),
('329','29','61','7','13','3','1987-05-27 21:28:13'),
('330','30','1','39','99','63','2018-12-10 15:38:28'),
('331','31','53','35','62','87','1988-06-28 11:20:05'),
('332','32','17','83','62','48','2013-11-28 23:32:09'),
('333','33','61','12','57','91','1974-08-01 11:57:46'),
('334','34','49','27','49','46','1976-11-30 11:50:28'),
('335','35','1','91','52','51','1974-09-17 02:53:36'),
('336','36','15','100','18','91','2008-03-16 04:01:36'),
('337','37','97','79','59','71','1971-09-08 23:32:07'),
('338','38','63','6','67','34','1972-10-15 09:05:08'),
('339','39','100','75','26','65','1973-08-19 03:05:50'),
('340','40','22','94','72','60','1997-07-19 11:28:21'),
('341','41','19','24','66','37','2013-08-08 08:37:34'),
('342','42','31','70','34','88','1994-09-01 13:02:27'),
('343','43','50','58','19','74','1985-08-18 18:28:29'),
('344','44','31','8','38','8','1994-04-06 15:53:48'),
('345','45','58','53','75','1','1992-06-17 05:09:20'),
('346','46','30','58','27','32','1992-04-23 19:27:58'),
('347','47','77','9','37','50','2015-05-12 16:48:10'),
('348','48','39','21','92','97','1993-12-18 17:16:26'),
('349','49','35','90','71','30','2003-10-30 04:39:13'),
('350','50','59','74','39','14','2008-02-25 23:27:19'),
('351','51','67','20','79','19','1989-07-06 21:48:44'),
('352','52','67','8','90','16','1997-12-18 16:10:45'),
('353','53','10','25','88','32','2017-03-25 20:11:53'),
('354','54','5','41','8','62','1991-01-16 23:51:12'),
('355','55','80','22','18','51','1998-07-22 05:02:18'),
('356','56','69','38','37','6','2005-09-16 01:35:36'),
('357','57','9','36','59','79','2004-01-27 23:23:31'),
('358','58','60','62','20','18','2005-06-07 22:32:48'),
('359','59','64','4','22','43','1979-03-20 13:38:24'),
('360','60','31','82','86','89','1971-04-28 01:27:29'),
('361','61','1','10','81','74','1972-11-23 01:35:19'),
('362','62','71','14','40','96','2008-05-19 18:24:32'),
('363','63','98','52','1','52','2008-10-14 19:26:21'),
('364','64','74','46','34','33','2015-06-18 18:09:34'),
('365','65','87','47','80','46','1984-10-13 06:41:15'),
('366','66','6','79','79','96','2015-10-26 16:28:14'),
('367','67','90','88','28','5','1991-09-03 03:03:59'),
('368','68','23','90','47','12','1983-08-22 16:41:15'),
('369','69','50','33','64','16','2006-01-12 10:38:02'),
('370','70','81','54','99','72','2005-02-12 11:50:35'),
('371','71','88','65','58','57','1996-09-27 08:07:33'),
('372','72','55','97','97','59','2005-07-28 15:19:57'),
('373','73','87','1','61','93','2012-10-23 01:52:38'),
('374','74','80','35','61','92','1983-06-05 08:45:05'),
('375','75','81','77','44','41','1984-01-15 18:38:30'),
('376','76','69','76','49','93','1970-04-17 09:37:06'),
('377','77','55','6','64','43','1988-05-25 15:52:05'),
('378','78','45','77','10','67','1983-03-24 17:20:12'),
('379','79','4','98','92','39','1990-10-23 16:09:38'),
('380','80','17','38','84','18','2009-10-20 07:07:58'),
('381','81','63','60','19','82','1997-12-29 19:49:43'),
('382','82','73','79','40','24','1998-03-16 20:58:44'),
('383','83','35','64','58','53','1983-06-15 15:26:40'),
('384','84','50','21','46','47','2018-05-26 22:24:35'),
('385','85','17','11','7','26','2017-09-12 18:58:04'),
('386','86','22','90','29','40','1991-03-29 23:10:43'),
('387','87','44','37','80','30','1994-02-04 20:40:13'),
('388','88','33','22','49','93','1971-07-04 10:54:43'),
('389','89','78','19','57','20','2016-03-28 18:08:34'),
('390','90','2','60','1','57','1980-09-27 20:38:31'),
('391','91','18','84','46','61','2017-02-20 15:56:25'),
('392','92','47','49','57','25','1992-02-08 07:45:37'),
('393','93','83','15','24','96','2018-01-29 20:41:22'),
('394','94','58','4','88','41','1981-01-08 13:48:59'),
('395','95','46','32','10','9','1997-10-01 08:31:48'),
('396','96','83','58','76','38','1983-02-26 19:13:31'),
('397','97','20','42','50','83','1993-10-18 05:07:04'),
('398','98','15','65','89','73','1975-01-25 17:50:05'),
('399','99','27','40','51','48','1978-02-13 10:30:42'),
('400','100','41','48','8','72','2014-11-01 05:58:02');

/* PRODUCTRATINGS TABLE DATA */
INSERT INTO `ProductRatings` VALUES ('1','1','1','4','Id est sint omnis culpa facere. Debitis omnis vitae ut nihil dolore aut. Velit blanditiis inventore neque qui occaecati. Nobis odit et non explicabo sunt omnis praesentium provident.','2013-12-05 17:13:42'),
('2','2','2','3','Nobis eos exercitationem provident rerum. Sed et fuga ipsam qui aspernatur autem quia. Quibusdam et aut et necessitatibus et consequatur sed. Qui nisi impedit aut quasi nihil perspiciatis quas blanditiis. Veniam sed tenetur et et sunt exercitationem accus','1985-09-05 09:06:49'),
('3','3','3','3','Nesciunt illo quas ad incidunt magnam sit delectus. Autem quos iste culpa. Laudantium expedita laborum non commodi et voluptate aliquam et. Voluptate aut iste aspernatur veniam praesentium suscipit.','2003-06-05 10:52:55'),
('4','4','4','1','Nesciunt tenetur rerum rerum dolorem consequatur esse. Eius corporis aliquid ut laudantium. Maiores voluptatem nulla quia voluptas nihil porro.','1982-09-05 01:20:11'),
('5','5','5','4','Deleniti beatae vitae quibusdam laudantium. Laborum nam velit quisquam aut. Inventore modi aut et similique repellendus esse doloremque. Necessitatibus dolor omnis et.','2017-05-02 10:03:19'),
('6','6','6','4','Perferendis consequatur nam assumenda aut. Fugiat sapiente et esse est. Consequatur quos consequatur dolores. Laborum recusandae dolorem iste voluptatem quia debitis distinctio.','1996-09-09 21:33:20'),
('7','7','7','1','Ut voluptates adipisci maiores vel nam. Saepe et assumenda tempore molestiae illo. Voluptates aut vel aut non.','2015-12-07 01:31:28'),
('8','8','8','3','Omnis fugiat nemo numquam maiores qui quia consequatur. Voluptates repudiandae autem voluptas mollitia natus quis quisquam. Eos eum doloremque et perspiciatis. Dolore voluptatem nihil quas soluta eos.','2010-03-06 05:14:23'),
('9','9','9','5','Id et qui officiis ea. Et nobis dignissimos soluta. Ipsa veniam quo mollitia vel a id rerum.','1996-01-09 20:57:16'),
('10','10','10','4','Dolorem et voluptas vel quae quia. In repellendus officia et omnis ea ut. Nesciunt eum accusantium ea. Quis quaerat vel sint neque et.','2000-03-18 20:07:58'),
('11','11','11','2','Esse repellendus ipsa ullam quia dolor aut modi et. Ducimus minima sit qui repudiandae nemo debitis amet. Maxime qui fugit facilis quod autem repellendus. Beatae natus vel harum soluta.','1989-04-03 12:51:27'),
('12','12','12','5','Numquam totam ut rerum. Fuga eum provident corrupti adipisci sint sunt. Accusantium dolorem minima illo iure ducimus dicta ab. Qui eum quas ea vitae.','1993-02-19 08:40:29'),
('13','13','13','4','Exercitationem quo perferendis impedit facere enim. Rem repellat incidunt similique et enim magni delectus. Nobis delectus officia et eum. Quasi consequatur cum et et nemo sint minima.','1973-10-03 20:15:39'),
('14','14','14','2','Sed sunt aperiam nulla facilis ex. Non optio fugit delectus quod facere sunt ut. In vel vitae unde quos pariatur hic eum.','2002-02-08 01:38:23'),
('15','15','15','4','Quibusdam odit perferendis repellat et. Ut sunt aut omnis voluptas placeat aliquid enim. Eaque voluptatem et consectetur nostrum alias. Corporis delectus autem accusamus ipsum cupiditate numquam.','2012-05-19 02:30:56'),
('16','16','16','5','Quasi explicabo et omnis dolorem inventore in. Mollitia corporis doloribus illum totam. Omnis in itaque minus similique eos.','2013-04-20 13:13:52'),
('17','17','17','2','Numquam neque asperiores commodi facilis a porro assumenda. Id dolores totam minima quisquam.','1986-03-11 13:56:40'),
('18','18','18','1','Corrupti voluptate ullam veniam dicta. Porro earum in commodi veniam eum in fugit. Inventore labore quae ut explicabo quos quia. Similique est deleniti quidem sequi ut excepturi.','2005-07-07 00:01:33'),
('19','19','19','5','Facilis omnis minus delectus qui laudantium labore. Eum id aspernatur ipsum repellendus dolorum perferendis consequatur. Voluptate quaerat quo officiis voluptas. Corrupti sed occaecati nesciunt fugiat.','1971-11-05 00:50:57'),
('20','20','20','1','Aut quisquam eaque veritatis voluptas est. Qui ut natus et corrupti dolorem quod. Laudantium culpa ducimus quo. Reiciendis aut reiciendis doloremque ut quidem.','1976-07-07 11:45:02'),
('21','21','1','1','Cum distinctio qui corrupti aut. Quia illum est aut et. Aut ut reiciendis non maxime.','2016-10-11 17:08:17'),
('22','22','2','1','Asperiores et similique quas aut eos ut exercitationem. Sint sunt natus qui delectus fugiat et soluta consequuntur. Error et omnis ut omnis ex incidunt id.','2014-05-13 02:16:16'),
('23','23','3','5','Et nostrum hic asperiores nam minima. Suscipit eligendi atque consequatur illo quod. Aliquid ut sed beatae dignissimos repellat asperiores at. Qui nisi dolorem omnis facere ea aut esse.','1978-11-04 12:01:14'),
('24','24','4','4','Enim aperiam nihil autem nobis. Quaerat qui voluptate aperiam reprehenderit voluptatum qui natus. Error ut animi est aliquid tempore recusandae.','1998-04-16 19:04:26'),
('25','25','5','3','Illo est tenetur dolor unde veritatis. Minima occaecati facilis reprehenderit corporis blanditiis vel voluptatem. Dolore at animi omnis repudiandae expedita. Vel eos et voluptatibus architecto.','2010-10-02 21:10:29'),
('26','26','6','5','Vel voluptatem voluptas rerum autem. Voluptatibus iste molestiae accusantium ipsam. Voluptatibus non cumque eos aspernatur placeat.','1986-11-23 21:02:00'),
('27','27','7','1','Atque fugit id aut voluptatem exercitationem voluptatum. Voluptatem non atque pariatur. Dolor quidem aperiam ut veniam.','1975-02-15 12:19:38'),
('28','28','8','4','Velit voluptas cumque molestiae est inventore molestias. Porro inventore corrupti et. Ratione natus provident eum architecto odit mollitia.','1976-04-06 09:45:02'),
('29','29','9','3','Architecto autem mollitia perferendis quis quas velit. Exercitationem vitae quia sint et ut. Iste repellendus qui aut dolor ratione.','1970-11-02 06:54:34'),
('30','30','10','1','Numquam neque rerum dolor id cumque vel. Impedit eum dolorem eligendi recusandae. Ut velit et dolor voluptate. Est corrupti esse dignissimos consequatur maxime.','2001-07-21 04:07:35'),
('31','31','11','3','Ut ipsam cupiditate pariatur distinctio. Alias fugit iure aliquid voluptatem accusamus suscipit facere porro.','2003-10-16 22:52:22'),
('32','32','12','1','Sed quaerat quibusdam et maiores. Eaque dolor earum necessitatibus ullam. Officia fugit repellendus sapiente quia voluptates.','1994-10-24 00:28:10'),
('33','33','13','3','Ab sequi unde aut aut. Consectetur voluptas praesentium nihil repellat voluptatibus veniam totam. Quia quibusdam ipsum aspernatur. Repellat fuga nobis dolorem itaque rerum nam necessitatibus aut.','1989-09-07 18:22:17'),
('34','34','14','5','Ut voluptates consequuntur officiis et. Dolor qui quos esse modi eos. Dignissimos quae sed non autem ea impedit officiis. Sunt ut sed non et perferendis.','1996-01-20 22:49:54'),
('35','35','15','2','Consequatur eligendi dolor quia quis soluta omnis. Dolorem quis vero id dolores qui. Voluptatum dolorum quis harum soluta repellendus. Molestiae rerum qui numquam laboriosam eos libero facilis quae.','2013-03-14 19:32:06'),
('36','36','16','4','Unde quam iusto ut sint omnis ut. Dolorum est iure vero. Dolorem reprehenderit aliquid aliquam et fugit non vel. A odio non ut porro qui.','1986-03-18 07:43:33'),
('37','37','17','1','Quo aut qui aut temporibus. Sint illo nisi nulla numquam et voluptatibus temporibus dolore.','1970-06-02 12:37:36'),
('38','38','18','2','Commodi perspiciatis a et fugit. Quo qui molestiae voluptatem nam. Et dolore eum asperiores illo esse. Consequatur magni in et facilis qui.','1971-01-07 11:32:40'),
('39','39','19','2','A ratione voluptate minima illum corporis veritatis dolores a. Et quia dolor tempora adipisci. Velit omnis quisquam omnis et nesciunt facere sunt.','2009-06-03 23:41:06'),
('40','40','20','4','Sed aut quod ut. Consequuntur delectus ab alias facere tempora enim dolorum. Delectus omnis id exercitationem ipsa velit.','1975-06-26 17:46:24'),
('41','41','1','2','Et similique iste ut asperiores voluptatem nemo debitis. Mollitia ullam temporibus dolorem.','1981-06-18 23:42:47'),
('42','42','2','4','Minima quod eveniet voluptatum quis qui. In sint illo voluptate ut quia corporis tenetur. Aspernatur aut ipsa libero odio reiciendis tenetur. Iste et aut sed rem ullam deleniti perspiciatis aliquid. Praesentium alias laborum nihil eos esse eum ut.','1990-11-24 05:03:31'),
('43','43','3','4','Deserunt dolor placeat voluptatem dolorem deleniti facilis inventore. Architecto ipsa error enim accusamus porro alias facere. Possimus sunt dignissimos qui voluptas reprehenderit quia atque esse. Veniam architecto quia iusto earum. Sint qui ut accusamus ','2005-11-29 05:31:07'),
('44','44','4','3','Et voluptas omnis eveniet adipisci enim quas. Nesciunt autem alias reprehenderit cupiditate labore possimus. Ut soluta qui sunt soluta. Qui perferendis voluptas et occaecati rerum.','2012-04-17 18:09:20'),
('45','45','5','3','Quo quis suscipit fuga enim non corrupti aperiam. Sit ut in laboriosam dolor possimus. Ea soluta qui enim magnam reiciendis sit veniam.','1973-04-09 11:50:06'),
('46','46','6','2','Repudiandae explicabo eaque qui a delectus quaerat corrupti. Ut sint commodi ipsa laborum repudiandae iste. Et ut quis est fuga impedit. Molestiae magnam aspernatur nam. Similique quibusdam non porro quis aperiam rerum maxime.','1979-02-23 10:25:53'),
('47','47','7','4','Maiores occaecati et eum. Quae minus consequatur magni at quia iste. Accusamus ab ut animi voluptatibus. Occaecati dolorem non perferendis qui id.','1998-02-01 06:26:24'),
('48','48','8','4','Sed adipisci alias et nihil. Enim quam sed sunt quam a architecto sunt. Recusandae neque maiores totam et. Natus modi porro aut perspiciatis assumenda. Sed rerum amet provident omnis.','2007-06-08 02:55:55'),
('49','49','9','3','Sapiente voluptatibus dolores vero dolor itaque enim quo. Iusto qui provident vel error minima sed. Neque sint nam aut sed minima suscipit. Laudantium eos et nihil enim.','1970-10-27 09:34:37'),
('50','50','10','3','Molestiae officiis quia in ut. Amet iure illum omnis deleniti aut. Dolor dolore sed suscipit exercitationem voluptatem sit. Quam et quos illo dolor.','1981-09-16 19:57:25'),
('51','51','11','4','Accusantium dolorum aut nemo commodi voluptas. Sint eos consequatur quam dolorem ratione. Ullam vel quia repudiandae voluptates nobis. Molestiae minima non vero deserunt dolorem sed magni.','1997-02-08 11:20:54'),
('52','52','12','4','Ad odit ea repellat nostrum sint reprehenderit quis. Suscipit nesciunt libero rerum aut aperiam fuga. Cupiditate et deleniti non reiciendis est.','1994-11-29 07:04:34'),
('53','53','13','4','Ipsam quo voluptatibus neque deleniti beatae quia. Assumenda voluptatum voluptas consectetur odio. Tempore et ipsum iure veritatis. Voluptatibus maxime ut facere esse quo quaerat perferendis.','2015-09-11 20:20:49'),
('54','54','14','3','Quaerat et non aut asperiores. Rerum perspiciatis dolore maiores quisquam qui quaerat.','1993-12-30 08:13:46'),
('55','55','15','3','Placeat corrupti animi voluptatem aut sed nemo voluptatem. Temporibus expedita laudantium eum dolorum. Vel ullam similique facere suscipit. Et explicabo voluptatum molestiae fuga molestiae tempora eligendi.','1989-10-03 08:42:46'),
('56','56','16','3','Omnis qui quidem rerum sed eum aut. Esse minus perspiciatis sint molestias exercitationem qui. Dolorem quis ducimus consequatur quas.','1983-07-13 18:09:46'),
('57','57','17','5','Incidunt consectetur quibusdam qui exercitationem minima minus a. Ea eius qui dicta. Voluptatem quas nam voluptatem quia.','1994-11-23 07:20:05'),
('58','58','18','2','Accusantium eos corporis sint qui et aut. Et dolorem voluptatem perspiciatis voluptatem. Totam quibusdam tenetur quibusdam mollitia voluptatibus. Enim quis sint temporibus expedita culpa perferendis deleniti.','2003-05-03 10:47:18'),
('59','59','19','2','Quidem ut culpa impedit enim aut quibusdam eos. A tenetur dolorem ducimus nostrum ut delectus delectus. Ut et velit perferendis quis. Nesciunt et quia consectetur minus dolorum asperiores nulla.','2005-10-17 03:46:23'),
('60','60','20','1','Natus nihil commodi cum quia consequatur earum. Quo debitis facilis minus. Vel eos nulla possimus nemo occaecati at.','1977-07-21 11:39:12'),
('61','61','1','2','Doloremque vel blanditiis doloribus id. Molestiae necessitatibus atque molestiae vitae dolorum reprehenderit. Enim cupiditate eos blanditiis neque molestias possimus. Est eum voluptas est dolor unde nihil.','1997-10-14 01:56:26'),
('62','62','2','4','Voluptatem aut molestiae quidem dolorem. Laborum quia soluta vel delectus. Blanditiis consequuntur assumenda a.','2015-10-14 05:06:43'),
('63','63','3','3','Sapiente voluptate tempore quaerat quia accusantium impedit sunt qui. Quia nesciunt itaque est consequatur libero vitae. Ut et id quisquam est. Id temporibus aut voluptas qui excepturi nam.','1985-04-28 23:10:22'),
('64','64','4','2','Quasi perspiciatis at error non ut. Consequatur quod voluptas sit earum et aut. Debitis alias eos culpa culpa libero atque dolorem.','2012-01-22 14:08:05'),
('65','65','5','3','Eum et placeat repellendus ad officia ratione sit. Ad dicta perspiciatis sed itaque assumenda nesciunt. Ut harum possimus vel velit id ex nam.','2007-09-06 05:38:18'),
('66','66','6','5','Facilis quas et laboriosam odit. Eum adipisci facere ea laborum. Libero illo laboriosam veniam esse magni.','1993-04-26 19:12:55'),
('67','67','7','3','Atque et repellat ad odit debitis quisquam porro. Aspernatur ipsa ex deleniti unde exercitationem. Qui aut enim eligendi et tempora et laudantium. Placeat qui non est occaecati quibusdam.','2018-12-17 14:07:16'),
('68','68','8','3','Officia vel et consequatur itaque est consequatur veniam minima. Rerum explicabo vel saepe soluta et ut. Et aliquid iusto nulla praesentium necessitatibus temporibus tempora.','2016-07-03 04:28:38'),
('69','69','9','3','Numquam vitae ipsam sit facere nobis. Rerum iure voluptatem asperiores. Impedit et amet amet eum quo voluptates laudantium. Aut minus ut beatae repellat repellendus tenetur molestiae. Iure exercitationem id sequi dolores ratione et.','1976-05-03 23:16:44'),
('70','70','10','5','Omnis cupiditate iusto sit sed. Possimus quos debitis et maiores sapiente est. Earum nulla veritatis iure quae reprehenderit.','2002-01-17 11:26:32'),
('71','71','11','1','Qui optio repudiandae dolore amet. Consequatur pariatur neque voluptatem. Sed assumenda in quo expedita molestiae id.','2016-09-04 21:44:16'),
('72','72','12','5','Deleniti eum est quis magnam fugiat facere. Accusantium animi repudiandae fugit. Eaque nesciunt sunt ea aut est. Ratione sint cupiditate quasi facilis voluptatibus totam quo quo.','2017-12-04 12:50:21'),
('73','73','13','5','Similique vero dolores dolorum explicabo. Delectus nam suscipit aspernatur corporis. Consectetur aspernatur tempore maxime illum aut velit praesentium.','2002-08-18 08:44:30'),
('74','74','14','2','Mollitia quas corrupti repudiandae id expedita voluptas id. Sit et molestiae repellendus debitis. Eos id quae dolore et.','2016-12-21 14:24:59'),
('75','75','15','2','Ullam voluptates quisquam facere consequuntur non. Temporibus possimus autem eum sed. Facere sint dolorem qui. Ut cumque ullam odit sunt ipsa quas.','2014-10-18 23:21:53'),
('76','76','16','1','Aliquam dolore distinctio aut. Iure esse fuga et eum vel laborum. Aliquid corrupti id ut aut reprehenderit.','2008-12-09 22:45:48'),
('77','77','17','2','Et et expedita eos tempora officiis et. Repellendus maxime distinctio porro cum ad ducimus. Qui eos natus sequi temporibus.','1987-12-01 15:57:55'),
('78','78','18','4','Et voluptas earum qui eos consequuntur quia officia. Ratione nostrum et hic consequuntur et voluptatibus illo. Illum aut illo fugit ut quidem quis.','1991-10-27 13:09:52'),
('79','79','19','1','Architecto cumque expedita qui. Accusamus fugit officia eos doloremque. Autem ipsum voluptatum quia asperiores id possimus in.','2006-07-02 13:29:30'),
('80','80','20','3','Ut enim dolores illum culpa iure laboriosam laudantium. Id tempora enim eos facere iste. Quas aut et impedit quia placeat libero aliquam.','2018-03-06 07:29:40'),
('81','81','1','2','Magni cumque eaque id neque odio reiciendis. Rerum rem quibusdam voluptatem dignissimos. Odio aspernatur ut cupiditate iste id cupiditate nobis. Ad maiores iusto nostrum sint.','2017-02-10 11:51:37'),
('82','82','2','3','Iste odit sed quia ut et dolores sequi. Quas molestias animi nam tenetur doloribus. Porro et ratione voluptas.','1981-04-11 03:35:29'),
('83','83','3','4','Est praesentium minima ipsa eaque et eum autem. Quia aut vel consectetur eum qui. Est eveniet recusandae autem occaecati.','2002-04-09 11:47:21'),
('84','84','4','1','Qui et eum ipsa rem ut qui quo. Mollitia suscipit magnam et quod. Beatae eum veritatis incidunt ad quas ea. Laborum nihil cupiditate et id.','1995-02-06 03:32:44'),
('85','85','5','2','Recusandae atque et eligendi labore molestias magni. Eligendi eum quia animi vitae facere neque. Minus vitae eaque quae sunt sequi natus.','2014-07-20 00:31:06'),
('86','86','6','5','Doloribus explicabo harum ducimus. Delectus non error exercitationem consequatur qui aut. Rerum maxime consequuntur rerum et sint. Reiciendis accusantium aut rem quo sequi.','1991-03-21 12:19:51'),
('87','87','7','4','Dolorem reiciendis enim rem consequuntur ipsam impedit. Vitae itaque voluptatum velit provident provident nihil sit. Assumenda ea consequatur fugiat at ut quaerat cupiditate quasi.','1982-03-22 17:44:43'),
('88','88','8','4','Sint quis ea omnis consequuntur aperiam illo et. Nemo in praesentium nobis itaque.','2016-03-16 18:57:37'),
('89','89','9','5','Quae unde placeat expedita saepe. Enim voluptas dolores hic tempore iure maiores. Nihil deleniti nemo aut exercitationem vel.','1993-03-06 13:20:04'),
('90','90','10','3','Ab porro et et nemo dignissimos. Consequatur sunt veniam ab dicta at voluptatibus. Aut sit deleniti nobis ut dolore veniam.','1970-01-15 09:26:48'),
('91','91','11','5','Consequatur amet aliquid natus nostrum molestias. Voluptas numquam optio velit voluptas consectetur ut est. Et omnis tempore dolorem tempore omnis.','2009-01-02 22:02:28'),
('92','92','12','1','Dicta quam quia debitis possimus architecto sint. Ipsa quia eos aspernatur officia sunt atque. Consequatur eligendi possimus sunt inventore culpa ab. Odio quaerat ipsa ab a et impedit facere.','2009-11-04 18:07:29'),
('93','93','13','4','Amet consequatur nihil et est. Et et pariatur repudiandae eum consectetur sint sed. Sit dignissimos vel ullam deserunt consequatur eos.','1994-05-24 04:59:55'),
('94','94','14','2','Tenetur recusandae repellat rerum et explicabo dignissimos culpa. Quasi et aut consequuntur quae totam sed. Labore velit iure qui qui vel consequatur quos qui.','2001-07-22 20:37:57'),
('95','95','15','5','Atque consequuntur id quae distinctio vel commodi. Fugit sequi sint sequi necessitatibus ut. Consequatur rerum qui praesentium neque doloremque magni.','2003-01-22 23:36:21'),
('96','96','16','2','Libero delectus aut consectetur eligendi nihil dicta nam. Est debitis occaecati est voluptatem quis natus. Quo voluptatem explicabo veniam. Quibusdam rerum reprehenderit rem est nostrum.','2005-04-06 21:29:16'),
('97','97','17','4','Dolorum voluptatem molestiae fuga rerum. Perspiciatis debitis eum sint veritatis qui facilis. Maxime id suscipit fugiat hic.','1975-07-02 04:44:36'),
('98','98','18','5','Ipsum vero aut sed ipsam et deleniti aut. Praesentium officiis sequi earum odio aut quia.','1976-08-20 09:50:51'),
('99','99','19','2','Vero nesciunt fugiat ut animi est est. Sequi qui ad enim laboriosam aut velit. Reiciendis dolor aut dolor enim enim perferendis est.','2004-02-22 08:36:37'),
('100','100','20','2','Qui ut ut voluptatibus quia. Aut sed aut praesentium. Molestiae sit unde est et cupiditate quo consectetur. Eum maiores itaque quibusdam autem. Est placeat dicta quis eius molestiae.','1972-10-27 14:27:53');

/* Create the user */
DROP USER IF EXISTS 'application'@'%';
CREATE USER 'application'@'%' IDENTIFIED BY 'securepassword!';

/* Give DML permission on all of noteppol tables */
GRANT SELECT, INSERT, UPDATE, DELETE ON `noteppol`.* TO 'application'@'%';

/* Reset and show succesful GRANTS */
FLUSH PRIVILEGES;
SHOW GRANTS FOR 'application'@'%';